FAMSIZE,county,FTOTINC,hhwt
1,Boulder,45000,41
1,Denver,30000,302.95
1,Denver,75000,77
1,Denver,62004,98
1,Boulder,14000,105
4,Boulder,122500,52
2,Boulder,185000,31.25
2,Denver,165000,53.95
2,Denver,235000,112
1,Boulder,15600,56
2,Denver,44000,70
1,Boulder,35200,18.25
2,Denver,45000,138
2,Denver,37000,93.79
1,Denver,42000,98.77
4,Boulder,89000,239
5,Boulder,63600,45.25
4,Boulder,136000,33
1,Denver,22000,90.47
2,Boulder,61500,34.5
3,Boulder,73100,15.75
2,Denver,87200,61.42
2,Denver,70000,126
1,Denver,30000,114
1,Denver,20100,88
3,Boulder,57000,30.75
1,Boulder,150300,43
2,Boulder,27000,18.75
6,Denver,44900,67
3,Denver,382000,74
1,Boulder,75000,14.48
1,Denver,22000,31.54
1,Denver,32400,76
1,Boulder,35000,19.91
1,Denver,18400,59
1,Denver,12600,133
1,Denver,75000,202
1,Denver,10700,139
3,Denver,90000,75
2,Denver,60000,142
1,Denver,36000,266
2,Boulder,47400,59
3,Denver,76000,105
2,Denver,87300,84
2,Denver,45600,30
3,Boulder,88200,62.264
2,Denver,74500,107.07
2,Denver,40010,115
4,Boulder,130000,15.25
1,Boulder,67000,54
1,Denver,15000,129
2,Denver,525200,94
2,Boulder,32000,33
1,Denver,81600,103
4,Denver,110000,92.96
1,Boulder,99000,37.648
2,Denver,40000,273.07
1,Denver,31700,71
1,Denver,18600,78
1,Boulder,12280,71
1,Denver,22404,42.33
9,Denver,133000,223
2,Boulder,159000,24.978
3,Boulder,466200,71
1,Denver,12000,56
2,Boulder,76500,41.63
2,Boulder,36000,73
4,Boulder,102100,40.75
1,Denver,15000,43
1,Boulder,43000,18.1
3,Boulder,247000,82
1,Denver,78500,150
2,Boulder,17500,19
1,Boulder,93000,335
1,Boulder,50500,15.566
1,Denver,0,176
1,Boulder,40500,71
3,Boulder,55000,40.544
1,Denver,23010,121
4,Denver,355350,81
3,Denver,485000,112.88
1,Denver,55000,53.95
2,Boulder,158900,103
3,Denver,68600,73
2,Boulder,25000,33.25
1,Boulder,35000,183
3,Denver,160000,87
2,Boulder,23600,3.5
1,Denver,80000,64
3,Boulder,136600,22.444
1,Denver,70000,317
1,Denver,35000,95
1,Boulder,40600,123
2,Denver,48000,118
4,Boulder,45000,119
3,Boulder,121000,96
2,Boulder,20000,33
2,Boulder,38000,263
1,Boulder,4000,135
3,Denver,47000,114.54
4,Denver,39000,61
5,Boulder,116000,77
1,Boulder,42200,96
2,Denver,75260,36.52
1,Denver,70000,246
1,Denver,103000,58
2,Denver,26150,303
5,Denver,180000,100.43
1,Denver,17100,68.06
3,Boulder,0,270
1,Boulder,61000,18.75
1,Denver,111100,64
3,Denver,34700,211
5,Denver,200000,116
1,Denver,23600,71
2,Boulder,88800,18.824
1,Denver,64500,67
1,Boulder,86000,189
4,Denver,28500,59
2,Denver,91700,87
2,Boulder,118500,61
2,Boulder,38400,63
1,Boulder,22300,69
2,Boulder,69700,55
4,Boulder,113800,23.53
2,Denver,99600,53
3,Boulder,94000,27.512
3,Boulder,49100,77
1,Boulder,27000,24.978
2,Denver,95000,111
1,Denver,10460,130
1,Boulder,49000,24.616
2,Denver,192000,57
1,Boulder,91500,11.946
1,Denver,122800,72
1,Denver,9100,74.7
3,Boulder,158000,39.82
1,Boulder,96000,54.25
2,Boulder,130900,18
2,Denver,65400,54
1,Denver,466000,135
2,Boulder,468150,113
1,Denver,37700,46
2,Boulder,27000,36
1,Boulder,1500,34.028
4,Denver,32000,122.01
3,Boulder,94100,24.978
1,Denver,96400,38
6,Denver,25000,101
2,Boulder,50000,11
4,Denver,466000,86.32
2,Denver,82500,120
2,Boulder,190000,118
1,Boulder,9000,18.25
2,Boulder,139700,30
1,Denver,10300,83
2,Boulder,150000,64
1,Boulder,42000,21.72
2,Boulder,53300,77
1,Denver,11000,91
1,Denver,30000,100.43
1,Boulder,85000,103
2,Denver,43000,58
1,Denver,48000,65
2,Boulder,125000,63
2,Boulder,62500,60
2,Denver,35900,173
2,Denver,25700,76
4,Boulder,254000,42
1,Denver,50270,64.74
2,Boulder,171000,19.91
2,Boulder,114000,75
2,Boulder,57000,114
8,Denver,140000,51
2,Denver,109000,121
2,Boulder,32000,15
2,Denver,87500,52
2,Boulder,69300,65
1,Boulder,12200,83
4,Boulder,81500,16
3,Boulder,69700,19.5
2,Boulder,504200,127
3,Boulder,188000,101.722
4,Denver,70100,69
6,Boulder,30000,287
2,Denver,36800,75
1,Denver,30000,74
1,Boulder,59100,98
6,Denver,13730,119
2,Boulder,62100,18.25
2,Boulder,82600,15.25
1,Denver,11000,112
2,Denver,47700,62.25
1,Denver,200,121.18
1,Denver,78050,160
4,Denver,60000,48
1,Boulder,4500,75
2,Denver,30000,30.71
1,Denver,56000,53.12
1,Denver,95000,112
1,Denver,11100,105.41
2,Denver,28400,103.75
2,Boulder,75000,26.426
2,Boulder,110000,14.48
1,Denver,85000,80
2,Denver,85000,107
3,Denver,20000,126.16
1,Boulder,13500,30.75
3,Denver,130000,58
3,Denver,73300,82
4,Boulder,183000,53
4,Boulder,326250,5
1,Denver,20000,47
1,Denver,38400,202
5,Denver,7500,176
2,Boulder,90000,51.042
2,Denver,32000,99.6
3,Boulder,27000,75
2,Boulder,357000,18.462
1,Boulder,50000,71
3,Denver,79300,75
4,Boulder,35340,102.808
2,Denver,15700,48.14
2,Denver,102400,81.34
4,Denver,172000,63
1,Boulder,50000,96
1,Denver,55800,70
3,Denver,94000,112
2,Denver,60000,133.63
1,Boulder,40210,57.196
2,Denver,31100,72
1,Denver,21000,112
2,Denver,202000,403
5,Denver,22000,161
1,Denver,76100,74
3,Denver,48100,72
2,Denver,279400,98.77
4,Boulder,199600,114
3,Boulder,162500,15.204
1,Boulder,46830,112
4,Denver,52000,136.12
2,Boulder,118400,95
2,Denver,469700,146
2,Denver,590700,90.47
2,Boulder,47620,60
1,Denver,12900,74.7
1,Denver,90400,76
4,Boulder,508000,34.39
4,Boulder,135000,41.63
2,Denver,58000,77
2,Denver,40000,91
4,Denver,65000,112.05
1,Denver,22000,67.23
1,Denver,87200,241.53
1,Boulder,36400,103
3,Boulder,103000,40
2,Denver,89000,107
1,Denver,48000,85
1,Denver,22400,39.01
2,Boulder,178000,112
1,Denver,35000,70
3,Denver,83400,59
1,Denver,48000,53
1,Denver,27000,100.43
1,Boulder,18800,57.196
1,Boulder,64020,76
2,Denver,85000,160
4,Denver,30000,91
2,Denver,220000,84
1,Denver,48050,33.2
2,Denver,71000,109
1,Denver,57000,112
4,Boulder,14400,10.5
1,Denver,44000,37.35
2,Denver,86000,66
4,Boulder,94000,156
3,Denver,55800,108.73
2,Boulder,86500,59
2,Denver,79000,50
4,Boulder,546000,63
2,Boulder,36000,51
1,Boulder,7400,61
1,Denver,46100,57.27
2,Boulder,126500,24
1,Boulder,30000,19.5
2,Denver,135000,49.8
4,Denver,5000,197
4,Denver,124700,83
3,Denver,696000,66.4
6,Denver,4600,201
1,Denver,70000,190
3,Denver,135400,51.46
2,Boulder,172000,57
3,Boulder,107600,19
2,Denver,54900,58.93
2,Boulder,140000,49.232
1,Denver,75000,64
2,Denver,150000,50.63
4,Boulder,135000,65.25
2,Boulder,208100,15.75
1,Denver,8000,60
2,Denver,555500,68
2,Boulder,121100,18
4,Denver,155000,57
2,Denver,156000,91.3
1,Boulder,50000,278
1,Denver,30170,91
4,Denver,20000,152
2,Denver,51000,71.38
2,Boulder,20000,354
2,Boulder,175000,19.75
1,Denver,55000,54
2,Boulder,187000,16.29
2,Denver,47000,50
1,Denver,15000,132
2,Boulder,215000,42
1,Denver,22900,72
3,Boulder,5700,58
2,Boulder,265000,8.25
6,Denver,84500,166
2,Denver,103000,126
2,Boulder,101904,90
4,Boulder,190500,87
3,Denver,113700,63.91
2,Boulder,66800,19.5
3,Boulder,200000,100
2,Boulder,207600,60
1,Denver,20000,40.67
2,Denver,40200,85
1,Denver,278000,64
1,Denver,2300,48.97
1,Denver,47000,91
4,Boulder,88500,26.426
1,Denver,14600,58
4,Boulder,25000,36.562
1,Boulder,35000,96
2,Boulder,188200,33
2,Boulder,260000,30.77
2,Boulder,174500,22.444
2,Denver,124400,73
2,Boulder,162600,114
2,Boulder,74600,64
2,Denver,7600,54
4,Denver,34600,232
1,Denver,14000,68
1,Denver,26400,100
1,Denver,15000,63
3,Boulder,151300,62
4,Denver,261400,66
2,Denver,125000,259
1,Denver,100000,74
1,Denver,424000,124
1,Denver,125000,69
5,Denver,95000,88
1,Denver,60000,102.09
2,Denver,209000,106
1,Denver,24000,214
2,Denver,52000,112
2,Denver,35000,98
1,Boulder,31500,34
2,Boulder,48100,64
2,Denver,72000,73
2,Denver,57150,78
2,Boulder,116900,72
6,Boulder,254000,110
1,Boulder,110000,24.254
1,Boulder,65000,95
2,Boulder,34000,155
1,Boulder,12600,27.15
1,Denver,8000,71
2,Boulder,48600,65
1,Boulder,62000,65
2,Denver,86900,138
4,Boulder,141770,18.75
1,Boulder,0,41.268
1,Boulder,39400,91
1,Denver,76500,111
2,Denver,63000,76
1,Boulder,3000,127
2,Boulder,86300,49
2,Denver,28400,49
4,Boulder,176000,29.684
2,Denver,31000,93.79
5,Denver,12000,66
3,Boulder,196500,22.444
1,Denver,144000,162
4,Boulder,165000,45
3,Boulder,301001,33.75
3,Denver,153500,94
1,Denver,9000,46
2,Boulder,350600,10.75
5,Boulder,112050,151
3,Denver,245400,46
3,Denver,60000,107.07
2,Boulder,107800,32
2,Denver,227200,70.55
3,Denver,48300,52
5,Denver,31200,297.14
6,Denver,39200,137
4,Boulder,45000,17.75
4,Boulder,84500,43
3,Boulder,300000,23.892
2,Denver,157000,144.42
3,Denver,26000,73
2,Denver,83400,59
2,Denver,80000,45
2,Boulder,39000,27.15
5,Denver,54000,196
2,Denver,8300,41
3,Boulder,81400,41.268
2,Boulder,42000,40.906
1,Denver,12500,29
1,Boulder,0,61
1,Denver,50000,53
4,Denver,193000,58
1,Boulder,19600,124
1,Boulder,40000,33
2,Boulder,25000,24
3,Boulder,0,112
2,Boulder,82500,33.666
1,Boulder,420,304
1,Denver,14000,172
1,Denver,65000,73.87
7,Denver,77000,78.02
2,Denver,93000,94
4,Boulder,76000,73
4,Denver,82000,197
1,Denver,82000,47.31
1,Denver,48500,158.53
1,Denver,9300,365
6,Denver,23000,94.62
2,Boulder,122400,164
2,Denver,9000,46
2,Denver,272600,59
1,Denver,29020,63
1,Boulder,33000,8.75
1,Boulder,13700,5.5
4,Denver,39650,82.17
1,Denver,130,144
1,Boulder,0,157
4,Boulder,77000,37.648
2,Denver,54000,69
4,Boulder,119100,25.702
2,Denver,113120,285
1,Denver,23000,363
1,Denver,1,111.22
4,Boulder,108000,65
1,Boulder,123000,14.48
1,Denver,25900,105
2,Denver,117600,70
2,Denver,25100,195
1,Boulder,10000,24.254
1,Denver,14900,63
1,Denver,75000,149
1,Boulder,50,99
2,Boulder,72400,3
1,Boulder,45000,19.91
3,Denver,120000,74
2,Denver,128000,63.08
2,Denver,52080,50
3,Boulder,133908,52
2,Denver,21500,47
2,Boulder,78000,22.806
2,Boulder,35350,31
2,Boulder,10100,57
4,Boulder,118600,17.376
1,Denver,3000,72
2,Denver,44000,315
1,Denver,27000,81
2,Denver,118500,37
1,Denver,13400,57
2,Boulder,346400,68
1,Denver,101000,84
1,Denver,466000,73
1,Denver,30000,119
1,Denver,250000,84
1,Denver,70000,330
4,Denver,125000,51.46
5,Boulder,261000,28.5
2,Boulder,200000,90
2,Denver,200000,34.86
2,Denver,80000,54
2,Denver,188650,72
1,Denver,41400,122.84
2,Denver,140000,49
1,Boulder,66200,12.308
2,Boulder,92900,27.874
1,Boulder,43000,21.25
1,Boulder,24900,62
2,Denver,117200,76
4,Boulder,79750,71
3,Denver,52200,96.28
1,Denver,12000,66
4,Boulder,146000,66
2,Boulder,101000,45
6,Denver,551300,55
2,Denver,32000,98
1,Boulder,353300,44
3,Boulder,90000,11
1,Boulder,92000,103
1,Boulder,20000,213
1,Denver,70000,78.85
1,Denver,30000,70
1,Denver,70000,34.03
1,Denver,25900,81.34
4,Denver,24000,213
3,Boulder,43500,69
2,Boulder,198000,23.892
1,Boulder,65000,59
1,Boulder,68000,15.566
2,Denver,83400,116
1,Denver,8400,192
2,Boulder,166500,27.874
2,Boulder,130000,113
2,Boulder,170000,44.25
3,Boulder,48000,86
2,Denver,60000,160
3,Boulder,500,65
1,Denver,56800,55.61
1,Boulder,53600,122
3,Denver,205000,201
2,Denver,110000,212
4,Denver,180000,47.31
1,Denver,22500,65.57
2,Boulder,95500,45
1,Denver,42000,103
1,Boulder,27000,110
2,Boulder,95700,21
1,Boulder,29500,18.5
1,Boulder,11000,122
1,Denver,36000,214.97
3,Denver,34500,99
2,Boulder,155200,64
4,Boulder,29730,43.802
1,Denver,60000,61
1,Boulder,30000,176
8,Boulder,90000,74
2,Denver,104300,87
4,Denver,53000,41
2,Denver,70000,54
1,Boulder,50000,59
1,Denver,36000,394
4,Boulder,795000,15.75
1,Denver,60000,159
2,Denver,110000,75
5,Denver,31000,56
2,Denver,40000,50.63
1,Boulder,43200,48
1,Boulder,55000,142
1,Denver,20000,88
3,Denver,15600,147
6,Denver,40000,244
1,Boulder,140000,15.566
4,Boulder,107900,18.824
1,Denver,35000,106
1,Denver,7800,108.73
3,Denver,71000,88.81
1,Denver,25800,154
1,Denver,25000,53.95
1,Denver,42000,81.34
3,Boulder,135200,83
2,Boulder,23400,79
3,Boulder,70000,17.738
2,Denver,30000,39
1,Denver,23900,133
1,Denver,21000,89.64
2,Denver,131500,85
5,Boulder,12000,118
3,Denver,77000,156
2,Denver,135700,75
2,Boulder,120000,141
2,Denver,68000,71.38
4,Denver,42000,269
4,Boulder,53100,89.776
3,Boulder,56000,38
2,Boulder,18050,99
4,Boulder,330000,298
1,Boulder,21600,21.72
2,Denver,56000,176
2,Boulder,254700,82
3,Denver,48000,64
1,Boulder,184000,13.756
1,Denver,159100,53.95
1,Denver,80550,230
3,Boulder,67000,15
4,Boulder,85000,18.25
3,Denver,65600,60.59
1,Denver,8600,81
1,Denver,72000,136
2,Boulder,338000,71
3,Denver,75000,57
1,Boulder,55000,40
2,Denver,80000,308
2,Boulder,22010,47
1,Denver,49000,90
4,Boulder,105000,65
4,Boulder,177000,22.082
2,Denver,68000,104
2,Denver,70000,51
1,Denver,8000,274.73
1,Boulder,36300,278
1,Denver,95000,70
4,Boulder,128004,20.272
2,Boulder,92000,131
2,Denver,35000,52
1,Denver,53000,243
1,Boulder,8600,16.5
1,Boulder,39100,99
1,Boulder,22400,23.168
3,Denver,518000,102
2,Boulder,24700,120
4,Denver,35000,69
2,Denver,2000,43
2,Denver,105600,90
2,Denver,102000,82
1,Denver,27500,78
2,Boulder,89200,58
1,Boulder,30000,21.72
2,Denver,50700,79
2,Boulder,45400,74
4,Denver,31300,206
2,Boulder,52900,37.648
3,Boulder,12000,42
2,Boulder,32800,32.942
2,Denver,52000,66
1,Denver,60010,105.41
1,Denver,26000,92.13
1,Boulder,0,512
3,Denver,40000,58
3,Denver,235000,69
1,Denver,72100,53.12
4,Boulder,164500,53
2,Denver,150000,118
1,Boulder,40000,79
4,Boulder,160000,15.204
1,Boulder,10000,69
2,Boulder,100000,19
2,Denver,87400,213
3,Boulder,174000,43.802
2,Boulder,110000,36
1,Denver,10800,313
2,Boulder,268500,17
8,Denver,56000,79
1,Denver,0,151
2,Denver,21600,207
2,Boulder,73000,46
2,Boulder,171000,17
1,Boulder,106000,27.25
5,Denver,44470,88
2,Denver,22900,107.07
2,Denver,73000,66
2,Boulder,118000,38
1,Denver,56000,76
2,Boulder,106800,35.476
3,Boulder,20000,65.16
1,Denver,60000,131
2,Denver,81800,76
1,Boulder,139750,24.978
1,Denver,5000,124
1,Denver,20000,69
4,Denver,20800,137
1,Denver,30500,64
4,Boulder,264000,429
2,Denver,171400,120
2,Boulder,30000,53
4,Boulder,111300,10.75
1,Denver,249100,47.31
1,Denver,30000,186
4,Boulder,101900,76
1,Denver,108000,43
7,Boulder,69200,88
3,Denver,48000,118
1,Boulder,45000,31
1,Denver,16000,84.66
2,Boulder,65500,18.25
2,Denver,93104,81.34
2,Denver,95000,98
1,Boulder,48000,24.5
4,Boulder,120000,104
1,Boulder,79000,84
2,Denver,105000,231
1,Boulder,80000,111
1,Denver,50000,240
2,Boulder,150000,73
6,Denver,560000,107
4,Boulder,93000,107
2,Denver,112700,87
1,Denver,29020,56
4,Denver,139000,117
3,Boulder,487800,12.308
2,Denver,48000,133.63
4,Boulder,145000,36
1,Denver,60000,119
2,Denver,184100,63
2,Boulder,56200,13.032
1,Boulder,10000,107
1,Denver,0,237.38
2,Boulder,41300,9
4,Denver,36100,52
1,Denver,33000,213.31
2,Boulder,114300,15.25
3,Boulder,120000,35.476
3,Denver,77000,62
1,Denver,45600,122
3,Denver,54000,152
5,Denver,15600,155
2,Denver,25700,80.51
2,Boulder,237000,17
2,Boulder,19500,24.616
2,Boulder,59900,57
2,Denver,9400,57
3,Denver,54010,72
3,Denver,169000,107
1,Boulder,42000,18.824
2,Denver,667000,65
1,Denver,256600,56
2,Denver,35000,74.7
2,Boulder,117500,51.404
4,Denver,50000,273.9
4,Denver,76800,32.37
2,Boulder,55500,63
3,Boulder,96000,26.5
2,Denver,18000,114
1,Boulder,58700,19.5
1,Boulder,14500,83
1,Denver,25900,67
3,Denver,130000,69
2,Denver,10000,56.44
3,Denver,46900,149
1,Boulder,48000,91
1,Denver,30900,63
1,Boulder,80000,121.5
2,Denver,125000,128
1,Boulder,30000,64
5,Boulder,117000,95
1,Denver,21600,230
1,Denver,80000,398
2,Denver,147000,47.31
3,Denver,23400,40
2,Boulder,93000,188
1,Boulder,8900,104
2,Denver,44100,87.15
3,Boulder,250000,19.5
2,Boulder,31700,25.702
3,Boulder,87000,19.548
3,Denver,166000,102.09
1,Denver,35000,177.62
2,Boulder,227500,125
2,Boulder,338000,20.996
1,Denver,12500,111
1,Denver,141010,107.9
2,Boulder,47600,30.046
2,Denver,12000,159.36
1,Denver,68000,136
1,Boulder,29000,90
2,Boulder,244500,121
4,Denver,50600,286
4,Boulder,118000,84.708
2,Boulder,426500,112
2,Boulder,203000,15
1,Denver,59200,117.03
2,Boulder,192000,79
3,Boulder,197000,20.5
5,Boulder,50000,117
5,Boulder,35000,56.25
2,Boulder,166000,46
2,Denver,60000,39
3,Denver,94000,65
1,Denver,13800,193
1,Denver,62000,90
4,Boulder,252000,28.236
1,Denver,24000,369
1,Denver,60100,71.38
1,Boulder,26600,49.956
3,Denver,85000,74
4,Boulder,476000,71
4,Boulder,130000,24.978
1,Denver,11600,181.77
1,Denver,9260,68
2,Denver,197000,117
1,Denver,52000,112
1,Denver,55000,81
4,Denver,54100,147
3,Boulder,69600,17.75
2,Denver,55000,455
1,Boulder,50630,45.974
1,Denver,30000,33
4,Denver,207160,68
4,Boulder,150000,98
1,Boulder,65000,136
2,Denver,84500,52.29
2,Boulder,127100,127
1,Denver,0,339
1,Boulder,34650,15.566
2,Denver,39900,38
1,Denver,96000,141
1,Denver,50000,64.74
1,Denver,28500,56
5,Denver,84000,122
5,Boulder,90400,21.72
2,Denver,300,59
2,Denver,122500,65
1,Denver,10000,75
3,Denver,72000,87
2,Denver,124000,68
1,Denver,70000,39.01
1,Denver,70000,102.92
5,Denver,25000,220
1,Boulder,142500,122
3,Boulder,76001,48
1,Denver,55000,143
2,Boulder,68000,19.5
2,Denver,170000,72.21
3,Boulder,111900,72
1,Denver,13400,75
4,Boulder,725400,14.118
3,Boulder,196500,15.566
2,Boulder,47700,17.5
1,Denver,38000,143
1,Denver,22500,52.29
1,Boulder,57400,21
1,Denver,40000,133.63
2,Boulder,148800,20.5
1,Denver,40000,47
1,Denver,55000,160
3,Denver,109200,75
1,Denver,61400,83
2,Denver,92000,61
2,Boulder,240000,17
5,Denver,25000,156
2,Denver,101200,67
2,Boulder,29000,68.056
2,Boulder,32600,67
2,Denver,49000,64.74
2,Denver,48700,103.75
1,Denver,45000,97
2,Boulder,164200,34
3,Boulder,125500,16.29
1,Boulder,13200,108
1,Denver,39300,103.75
2,Boulder,211800,16.75
2,Denver,200000,130
2,Boulder,10000,12.75
5,Boulder,115000,19.91
2,Boulder,64500,114
1,Denver,75000,99
4,Denver,301300,104
1,Denver,36000,68.06
2,Boulder,61250,38
2,Boulder,71400,9.5
2,Denver,115000,350
2,Boulder,135000,20.75
2,Denver,341000,63
1,Boulder,4000,61
2,Boulder,32000,15.5
2,Boulder,160030,86
2,Boulder,122700,18.5
3,Boulder,55000,20.996
1,Boulder,35500,107
2,Boulder,437000,17.738
1,Boulder,13000,26
1,Boulder,46000,23.892
3,Boulder,30000,19
2,Boulder,133780,179
1,Denver,62000,86
4,Boulder,296000,51
7,Denver,45000,219
3,Boulder,155000,34
2,Boulder,150000,54
1,Denver,27500,79
1,Boulder,9500,22.444
3,Denver,313000,76
1,Denver,0,132
2,Denver,100000,61
1,Boulder,29800,103
1,Denver,80000,124
5,Denver,119000,50
2,Boulder,5000,4.25
1,Denver,34300,66
2,Denver,47000,109
3,Denver,3000,128
1,Boulder,58000,39
1,Boulder,0,65
1,Denver,49000,63.08
3,Denver,2300,173
4,Denver,34000,348.6
1,Denver,41100,297.97
4,Denver,202000,83.83
11,Denver,103900,114
3,Denver,30000,61
2,Boulder,116000,24.616
5,Boulder,30000,45.25
5,Boulder,20310,61
2,Denver,56300,120
1,Boulder,100500,31.856
2,Boulder,4500,169
4,Boulder,35650,67
2,Boulder,156000,20
1,Denver,26250,76
1,Denver,98000,51.46
1,Denver,24000,122
1,Boulder,23000,34.39
5,Denver,2100,173
1,Denver,25000,48
1,Denver,10680,99
2,Boulder,133500,75
1,Denver,20000,50
1,Boulder,110000,8.25
3,Boulder,54200,55.024
5,Denver,508000,129
1,Denver,41000,474
1,Denver,0,75
2,Denver,106000,67
1,Denver,30800,112.05
2,Boulder,74900,71
1,Denver,31000,68.06
5,Denver,72000,123
2,Denver,58600,116
6,Denver,317200,125
3,Denver,125000,85
3,Boulder,352200,18.25
3,Boulder,68000,89
1,Boulder,35000,20.25
2,Denver,1,53
2,Denver,248000,70
1,Boulder,19800,36
2,Denver,48200,78.02
4,Boulder,164600,15.75
2,Denver,466000,40
3,Boulder,27500,14.118
2,Boulder,580200,18.75
4,Denver,76100,378
2,Boulder,110000,81
1,Denver,53000,53.95
2,Boulder,41400,26.064
1,Denver,9600,115
2,Denver,50000,61
2,Denver,55200,60
2,Boulder,30600,151
3,Boulder,200000,36
2,Boulder,75400,19.25
5,Boulder,100010,19
1,Denver,78000,128
4,Boulder,25000,30
1,Boulder,34400,128
2,Boulder,71500,72
1,Denver,120000,43.99
1,Boulder,59000,39
2,Denver,101100,116
1,Denver,40700,322
1,Denver,9190,53
1,Denver,18000,75.53
2,Boulder,168000,18.5
2,Boulder,36000,33.304
2,Boulder,163000,46.698
1,Denver,48000,67.23
1,Denver,53500,65
2,Boulder,211000,24.75
1,Denver,22400,122.01
7,Denver,98200,243
2,Denver,120000,88
5,Boulder,129000,26.788
2,Denver,121800,73.87
2,Denver,337000,52.29
4,Denver,39000,90
4,Denver,66000,159
2,Boulder,103100,117
6,Denver,217600,90.47
4,Denver,36000,24.07
4,Boulder,2000,69
5,Denver,115500,207
2,Denver,58000,115
1,Denver,22100,126.99
1,Denver,12000,151
1,Denver,314000,96.28
1,Boulder,55200,122
2,Denver,48000,152
2,Boulder,546000,91.586
5,Boulder,161100,27.15
4,Boulder,150350,24.978
3,Denver,120000,117
2,Boulder,139700,58
3,Denver,84001,70
1,Boulder,5500,62
4,Denver,232000,56.44
1,Denver,43200,86
1,Boulder,65000,178
1,Boulder,40000,31.25
3,Boulder,133900,116
2,Denver,63000,79.68
2,Boulder,75000,58
1,Boulder,60000,129
1,Boulder,5000,33
2,Boulder,35020,58
1,Denver,30000,40
6,Boulder,101200,57
2,Denver,32300,36.52
2,Denver,65000,138
2,Denver,41600,63
2,Boulder,195000,78
2,Denver,239000,43
1,Boulder,52000,15.928
2,Boulder,87200,75
1,Denver,39000,88
2,Boulder,100000,178
1,Boulder,115101,17.5
1,Denver,205000,127
1,Boulder,38500,30
4,Boulder,92000,71
1,Denver,34000,91.3
2,Denver,63310,70
2,Boulder,97000,97
2,Boulder,81500,23.53
2,Boulder,170000,103
1,Denver,52010,171
2,Denver,66000,211
1,Denver,60000,53.95
1,Boulder,27000,140
1,Denver,45000,44
2,Boulder,140000,16.652
1,Denver,47200,90
1,Denver,130000,129
1,Denver,16300,125
2,Boulder,45400,104
2,Denver,11800,60
2,Denver,71700,84
2,Boulder,31790,31
3,Denver,55700,33
2,Denver,65500,71
3,Boulder,248920,18
1,Denver,135100,59
2,Denver,87000,64
1,Denver,19820,98
1,Denver,17000,82
1,Denver,19900,66
1,Boulder,77500,38.734
1,Denver,23670,105
3,Denver,178000,77.19
2,Denver,34000,99
4,Boulder,132000,22.75
2,Boulder,110000,121
2,Denver,100600,43.16
3,Denver,13000,420.81
2,Boulder,245000,62
4,Boulder,217000,55
2,Denver,72500,72
2,Denver,36700,187
1,Denver,20000,53
2,Boulder,166000,57
4,Denver,18000,161
2,Boulder,156700,24.616
2,Boulder,80700,37
4,Boulder,283800,31.132
5,Denver,45000,210
4,Denver,84400,149
4,Denver,64000,124
2,Boulder,85000,24.254
2,Denver,94350,102.09
2,Boulder,119200,61
1,Denver,25900,92.96
1,Boulder,29000,63
2,Denver,57200,49
2,Boulder,86600,57
6,Boulder,165000,25
1,Denver,42400,62
4,Boulder,285900,36.5
1,Boulder,197000,138
5,Denver,155000,32.37
3,Boulder,66000,44
5,Denver,136000,126
2,Boulder,215000,13.25
2,Denver,75800,66.4
2,Boulder,77100,14.48
2,Denver,82400,76
3,Boulder,223000,25.702
4,Denver,59000,88
3,Boulder,219000,16.25
3,Boulder,141200,53
1,Boulder,247000,113
2,Boulder,61000,49.956
1,Boulder,32900,34.5
4,Boulder,83000,69
4,Denver,205000,116
3,Boulder,45000,69
1,Boulder,196000,120.546
3,Boulder,125000,139
2,Denver,82000,223.27
4,Boulder,146100,78
3,Boulder,67200,110
2,Denver,64000,39.84
4,Denver,96110,64
2,Boulder,197000,73
2,Boulder,59900,18.25
2,Boulder,53200,22.444
1,Denver,100000,212
5,Denver,85000,124
2,Boulder,47400,20.634
2,Denver,10000,117
2,Denver,102100,173
1,Boulder,12800,65
3,Boulder,130100,21.72
2,Boulder,17000,48.75
1,Boulder,0,62
2,Denver,40000,176
1,Boulder,62000,20.25
2,Denver,488000,81
4,Denver,103000,128
3,Boulder,171200,72
1,Boulder,52700,40
2,Denver,45000,60
4,Boulder,261000,81
1,Denver,82000,58.93
1,Boulder,33000,67
1,Denver,95000,120
2,Denver,72000,71
2,Denver,145000,72
2,Denver,87000,54
2,Denver,198000,97.11
1,Denver,30000,69
2,Boulder,83500,16.75
2,Boulder,43100,55
4,Boulder,163000,14.5
5,Boulder,180250,17
3,Boulder,98000,20.634
3,Boulder,260000,97
2,Boulder,73000,19.548
1,Denver,65000,205
2,Boulder,223500,11.5
2,Boulder,64000,17
1,Boulder,25500,29.684
1,Denver,6500,57
1,Boulder,5400,30.5
2,Boulder,135000,29.684
1,Boulder,28200,25.5
1,Denver,0,189
2,Denver,61000,106
2,Denver,48100,123
1,Denver,131000,87.98
1,Boulder,12000,71
1,Denver,27700,55
1,Boulder,60000,35.25
1,Denver,11500,310
5,Boulder,259500,17.376
1,Boulder,23800,18.5
4,Denver,72000,140
1,Denver,36000,263
1,Denver,8800,115
4,Denver,252200,76
6,Denver,52600,86
2,Denver,52000,131
3,Boulder,87000,304
2,Boulder,67200,21.5
4,Boulder,154500,18
2,Denver,25200,58
2,Boulder,101050,63.35
1,Boulder,40000,14.118
2,Denver,19000,51
5,Boulder,108000,20.75
1,Denver,73500,237
2,Denver,69700,131
3,Boulder,156200,21.358
1,Boulder,82700,19
2,Boulder,92400,92
1,Denver,35000,124
2,Boulder,91120,63
3,Boulder,9600,40
3,Boulder,39000,70
2,Boulder,64100,14.118
4,Denver,85000,70
1,Denver,21000,98.77
3,Denver,156000,92.13
2,Boulder,122500,40
1,Boulder,27000,93
1,Denver,25800,92.96
2,Boulder,59700,47
1,Boulder,18500,374
1,Denver,185000,49.8
1,Boulder,25100,40.906
5,Boulder,329500,20
1,Denver,75000,74
3,Denver,20000,170
1,Boulder,69100,365
2,Denver,40000,59.76
1,Boulder,12000,78
1,Boulder,45000,70.228
1,Denver,17000,72
2,Denver,115000,44
1,Boulder,30000,62
3,Boulder,93850,35
1,Boulder,72600,43
2,Denver,644000,207
2,Boulder,66000,38.734
1,Denver,10000,39
5,Denver,12670,128
2,Denver,84810,157
4,Boulder,146600,23.168
2,Denver,142800,76
2,Boulder,84100,43
2,Denver,5000,69
1,Denver,142000,82
1,Boulder,44000,60.454
4,Denver,258000,108
2,Boulder,151500,24.978
2,Denver,28300,140
1,Boulder,77000,17.014
1,Boulder,34000,92
6,Denver,17000,140
3,Boulder,157700,17.75
1,Denver,78000,114.54
2,Denver,50400,55.61
5,Boulder,118340,126
1,Boulder,11000,105
2,Denver,34000,65
5,Boulder,109300,181
4,Boulder,188800,81
1,Boulder,55000,145
2,Denver,14500,359
4,Boulder,142000,64
3,Denver,54900,183
1,Denver,10000,113
1,Denver,59100,92.96
2,Boulder,16000,29.684
1,Denver,53000,55.61
2,Denver,74800,63
5,Boulder,62000,65
2,Denver,75000,49.8
3,Boulder,338600,23.53
3,Boulder,150000,360
4,Boulder,80000,35.114
1,Denver,40500,75.53
3,Denver,140000,187
3,Denver,125000,111.22
2,Boulder,136270,34
2,Denver,95000,263
2,Denver,110000,68
2,Denver,49000,97.94
3,Boulder,93504,77
2,Boulder,178200,17.5
1,Denver,27780,75.53
3,Boulder,108400,125
1,Denver,0,305.44
4,Boulder,178000,77
2,Denver,100000,72
1,Denver,24000,112.05
6,Denver,125000,95
2,Denver,40000,142
4,Denver,26200,354.41
1,Denver,28500,65
1,Boulder,47000,114
1,Denver,9900,165
4,Boulder,208000,25.34
2,Denver,190000,79
1,Denver,9000,115.37
1,Denver,67000,78
2,Boulder,10400,197
1,Denver,21000,136
7,Boulder,221000,30.75
2,Denver,48000,254
2,Boulder,45608,52
1,Boulder,85600,74
2,Boulder,168600,16.25
3,Boulder,85000,142
2,Denver,38900,70
2,Denver,80000,274.73
4,Boulder,194100,54
3,Denver,21000,270.58
4,Denver,86000,131
4,Boulder,113500,66
1,Boulder,30000,14.118
4,Denver,160000,109
2,Boulder,28000,59
1,Denver,60000,101
2,Boulder,74300,80
1,Denver,134000,70
1,Denver,2000,73.04
1,Boulder,319000,14.75
3,Boulder,51600,42
4,Boulder,141000,29.322
1,Denver,49000,216.63
1,Denver,35000,120
2,Denver,476300,102
4,Boulder,165000,19.5
1,Boulder,20400,21.358
3,Boulder,65500,2.75
1,Denver,35000,93.79
2,Denver,0,134
3,Denver,43230,53.12
1,Boulder,65000,17.014
1,Denver,117000,102.09
2,Boulder,113000,73
3,Boulder,156800,17.014
2,Boulder,120000,24.254
1,Boulder,2300,158
5,Denver,367300,118.69
1,Denver,11800,176.79
3,Denver,70000,87.98
1,Boulder,37300,16.75
1,Denver,31000,94
1,Denver,10000,65
1,Denver,22000,120
1,Denver,21200,59
1,Denver,55000,62
2,Denver,143000,131
2,Denver,565700,54.78
1,Denver,0,283
2,Denver,107000,66
3,Boulder,128000,18.75
1,Denver,40000,136
4,Boulder,40000,20.5
1,Denver,39000,253.98
1,Boulder,58500,59
2,Boulder,40000,21.358
2,Boulder,466000,17
1,Denver,70000,58
1,Denver,43000,133
2,Denver,59500,56.44
1,Boulder,32000,24.978
1,Denver,125000,65
1,Denver,38400,148
1,Denver,160000,129
2,Boulder,118000,24.616
1,Denver,200000,102
7,Denver,68600,189
1,Boulder,20000,100
3,Denver,6100,27
1,Boulder,100000,30.408
3,Denver,55000,40
2,Denver,100000,53
3,Denver,79500,68
2,Boulder,53000,49.594
3,Denver,19000,177
1,Boulder,53600,76
2,Denver,37000,242
3,Denver,74900,296
1,Denver,2000,168
1,Denver,20700,43
1,Denver,2860,110
2,Denver,369300,51
2,Boulder,700,397
2,Denver,80700,83
2,Boulder,60300,39.82
2,Boulder,176400,58
2,Denver,9600,71
4,Denver,89000,70
1,Boulder,12000,67
1,Boulder,31200,15.5
4,Boulder,169000,14
3,Denver,112000,65
1,Boulder,85100,56
2,Denver,53700,61
2,Boulder,139700,82
3,Boulder,100000,17.376
1,Denver,184000,64
2,Denver,0,75
1,Denver,10000,59.76
3,Denver,47500,48
3,Denver,41000,77.19
2,Denver,144000,253
3,Denver,205600,73
1,Boulder,82000,52.25
1,Denver,25300,142
3,Denver,67000,68
1,Denver,2000,108
2,Boulder,111000,43
5,Denver,77000,190.07
1,Boulder,9600,32
1,Boulder,48000,70
4,Boulder,223000,84
2,Denver,32050,170.98
1,Boulder,98100,163.986
1,Boulder,65200,20.272
1,Boulder,31000,70
1,Denver,25000,85.49
2,Boulder,77000,11.584
2,Denver,155000,107
2,Denver,30000,80
2,Denver,144500,31.54
2,Denver,116000,51
2,Denver,18000,58.93
1,Denver,40000,69
1,Boulder,8000,157
1,Boulder,33200,13.756
1,Boulder,27900,41
1,Denver,20001,242
4,Boulder,145400,38.734
2,Boulder,77000,103
2,Denver,32500,75
4,Boulder,208000,46
2,Denver,135000,273
2,Boulder,10000,44.5
3,Denver,14000,131
2,Denver,190000,64
1,Denver,138490,45.65
4,Boulder,26340,36.2
2,Denver,100000,107
1,Denver,110000,121
3,Boulder,65000,110
2,Denver,129000,77
5,Denver,2370,124
2,Boulder,149000,47.422
2,Boulder,60520,84
2,Boulder,138700,63
1,Denver,25000,158.53
3,Denver,62000,119.52
2,Denver,70000,101.26
2,Denver,100000,67
1,Boulder,74000,66
2,Boulder,35000,36.924
1,Boulder,143000,76
1,Boulder,27000,18.1
5,Denver,39230,76
1,Boulder,71000,87.242
3,Boulder,165000,110
1,Denver,64000,97
1,Denver,5200,111
2,Boulder,42700,62
3,Denver,19000,60.59
2,Boulder,203000,11.5
1,Boulder,30000,16.75
4,Denver,87600,163
2,Denver,92200,67
2,Boulder,271100,14.5
2,Boulder,172000,16.75
1,Denver,9000,62
2,Boulder,138600,21.358
4,Boulder,33400,65.884
1,Denver,120000,104
4,Boulder,370000,14
1,Boulder,24400,20.996
1,Denver,107000,139
5,Boulder,15000,306
1,Denver,53200,57.27
1,Boulder,78000,115
1,Denver,76000,69
8,Denver,54300,171
2,Boulder,68600,320
8,Boulder,139000,39.458
1,Denver,52000,122
3,Boulder,59300,24.978
3,Boulder,155000,46.698
3,Boulder,108000,49.956
2,Boulder,219100,32.58
1,Boulder,75000,79
1,Boulder,0,84
2,Denver,38800,69
2,Denver,595700,356
3,Boulder,158040,17.014
1,Denver,20100,72
2,Boulder,40000,19.5
2,Denver,100002,114
1,Boulder,12000,17.5
1,Denver,31700,79
1,Denver,24300,34.86
1,Boulder,64000,29.684
2,Denver,216000,63.08
1,Denver,95000,51
3,Denver,13000,116
1,Boulder,59500,18.75
9,Denver,61000,60
1,Boulder,50000,13.032
2,Denver,20000,75.53
1,Boulder,91000,17.75
3,Denver,194000,62.25
4,Denver,116700,60
1,Denver,58000,122
1,Denver,50000,61
4,Denver,33300,175
2,Boulder,93600,32
2,Denver,180000,79.68
1,Boulder,49600,118
5,Boulder,314300,19.548
2,Boulder,20010,84
2,Denver,11000,201.69
3,Boulder,138000,19.91
2,Denver,526400,148
2,Boulder,59800,111
2,Boulder,4200,17
2,Boulder,17000,15
2,Denver,55000,108
2,Denver,185800,58.1
2,Boulder,96800,26.426
4,Boulder,190000,57
3,Boulder,198000,89
2,Denver,58000,63
2,Boulder,22000,59
2,Denver,48000,57.27
4,Boulder,181050,126
1,Boulder,20540,58
5,Boulder,131000,34.39
3,Boulder,120000,16.652
3,Denver,347000,206
1,Denver,32300,70
3,Boulder,176000,28.96
1,Boulder,52000,17.25
1,Denver,23000,100.43
2,Boulder,49000,140
2,Denver,243000,145
2,Boulder,60920,64
2,Boulder,670,149
3,Boulder,170000,25.702
1,Denver,760,46.48
5,Denver,70700,65
5,Denver,104300,161
2,Denver,46000,95
1,Denver,30000,373
3,Denver,10000,102.92
2,Boulder,68680,52
3,Denver,93000,113
2,Boulder,161000,116
3,Boulder,45000,586
2,Boulder,55700,63
3,Denver,340000,54
2,Boulder,65000,18.824
2,Denver,82710,380
1,Denver,87000,189
2,Denver,78800,68
2,Boulder,62000,26.788
1,Denver,25000,88
1,Denver,60000,55
1,Denver,14700,462
1,Denver,43000,265.6
1,Boulder,50500,31
2,Denver,79000,68.06
1,Boulder,17000,23.5
1,Boulder,0,94
1,Denver,10800,87
1,Denver,44300,111.22
5,Boulder,482000,16.25
2,Boulder,84840,19.548
4,Boulder,290000,26.426
4,Boulder,466000,16.5
1,Boulder,16300,27.15
2,Boulder,43500,50.318
3,Denver,50000,80
1,Denver,100000,86
1,Denver,32000,108
2,Boulder,80000,27.874
1,Denver,78000,63.91
1,Denver,14100,52
2,Denver,119800,119.52
3,Boulder,153000,413
2,Boulder,140000,30.408
1,Denver,47100,75
2,Boulder,14000,190
1,Boulder,45000,114
1,Denver,105100,138
2,Boulder,124000,18.824
4,Denver,111000,60
1,Boulder,8000,88
1,Denver,64780,52.29
1,Denver,26000,111
1,Denver,76140,143
4,Boulder,241000,27
2,Denver,222000,65.57
1,Boulder,750,27
1,Denver,8800,289
2,Boulder,143000,45
4,Boulder,98000,30.046
1,Denver,0,155
1,Boulder,24000,74
2,Boulder,40000,38.5
1,Denver,25400,91.3
4,Denver,22000,166
6,Boulder,173000,24
4,Denver,159100,53
7,Denver,19500,110
1,Denver,37000,108
2,Denver,25000,172
1,Denver,47000,30.71
2,Denver,131000,98
3,Boulder,170000,63
2,Denver,81500,47
2,Denver,115840,92
2,Denver,55020,63.08
1,Boulder,96000,85
2,Denver,12700,100
1,Denver,50000,120
2,Boulder,58000,11.946
1,Denver,116000,52.29
2,Denver,44200,111.22
2,Boulder,36800,22.806
1,Denver,30000,258
5,Denver,71000,128.65
2,Denver,123000,104.58
1,Denver,13160,133
2,Denver,136000,115
2,Boulder,162380,17.376
6,Denver,26850,304
2,Boulder,30000,24.978
4,Denver,42000,135
5,Denver,108100,101
2,Boulder,114000,10.5
2,Boulder,51300,53
3,Denver,157000,185
2,Denver,76300,47.31
1,Boulder,22200,27.25
1,Boulder,0,104
3,Boulder,115600,31.25
2,Boulder,3500,18.5
3,Denver,28700,148
1,Denver,466000,61
6,Boulder,47600,25.702
3,Denver,68000,93
2,Denver,16500,55
2,Boulder,483600,37
2,Boulder,257000,29
2,Denver,48300,113
1,Denver,35000,177.62
4,Boulder,200500,27.15
4,Boulder,125000,22.082
3,Boulder,244700,90
4,Boulder,114300,30.77
2,Denver,127000,66
1,Boulder,36700,28.75
1,Denver,18200,214
1,Denver,9110,62
1,Denver,45000,193
1,Denver,60000,61
1,Boulder,39500,13.5
2,Denver,72000,80.51
4,Boulder,195000,37.286
1,Denver,22400,39.84
2,Denver,81000,90.47
1,Boulder,132000,89.414
2,Denver,47600,48.97
1,Denver,63490,239.87
2,Denver,10000,60
2,Denver,123500,64
1,Boulder,29800,129
3,Boulder,50400,68
1,Denver,42000,120
1,Boulder,30000,45.25
5,Boulder,183000,16.75
1,Boulder,57080,16.29
3,Denver,59000,88
1,Boulder,0,47
1,Denver,2000,80
3,Denver,49600,26
2,Denver,18600,92
2,Denver,167400,54
3,Denver,28000,43.16
2,Denver,36800,47
1,Denver,74000,69
3,Boulder,10000,22.444
2,Denver,82000,122
1,Boulder,85000,36
4,Boulder,250000,29.5
5,Boulder,45000,68
2,Denver,135200,75
3,Denver,272300,56
2,Boulder,52000,52
6,Boulder,240800,79
3,Denver,265000,98
2,Denver,3900,57
2,Boulder,235200,18.1
2,Denver,95000,156
3,Denver,186000,161
4,Denver,50000,103
3,Boulder,190000,17.014
1,Boulder,72000,109.5
1,Boulder,30000,135
1,Boulder,67700,58
2,Boulder,82000,56
4,Boulder,327000,39
3,Denver,20000,68
1,Denver,48480,37.35
2,Denver,56000,106
4,Boulder,121000,27.512
7,Denver,73200,107
2,Denver,274000,103.75
4,Boulder,150000,70
1,Denver,22000,96.28
5,Boulder,116000,43.802
2,Denver,23900,112
2,Boulder,78000,15
2,Boulder,23000,23
1,Denver,79100,102.92
1,Denver,38000,295
3,Denver,31900,152
2,Denver,31000,197
2,Denver,47400,345
2,Boulder,168000,19.91
3,Boulder,125000,48.25
1,Denver,21500,37
2,Boulder,222400,17.25
4,Boulder,466000,28.5
1,Boulder,15000,22
1,Denver,46400,54.78
1,Denver,24500,71.38
1,Boulder,9850,19
2,Boulder,104050,19
2,Boulder,108000,77
1,Denver,77000,74
5,Boulder,331500,75
3,Denver,50050,66
1,Denver,108800,227
5,Denver,185000,108
3,Boulder,40300,18.25
1,Boulder,25000,20.25
2,Denver,344000,87.15
1,Boulder,38000,51.766
2,Boulder,137800,105.5
3,Denver,115700,114
2,Boulder,36800,80.002
1,Denver,58600,95
3,Denver,58000,62
2,Denver,55000,64
2,Denver,260000,52
3,Boulder,73000,59
2,Denver,156000,31
2,Boulder,190000,40.906
1,Boulder,78000,29.25
4,Denver,36000,158
1,Denver,37800,61
2,Boulder,340000,33
1,Boulder,10000,49.5
3,Denver,28200,65
3,Denver,71000,140
1,Denver,30001,182
5,Denver,288900,125
2,Denver,60000,49.8
4,Boulder,60000,23.168
3,Boulder,130400,27.512
4,Denver,148700,249
1,Denver,7200,158
2,Denver,41400,50
1,Denver,113300,108.73
2,Denver,129010,70
1,Boulder,30800,317
2,Denver,32000,257
1,Denver,13000,68.06
1,Denver,88800,133
2,Boulder,134200,18.25
2,Denver,144000,69
1,Denver,466000,74
2,Denver,24200,77
2,Denver,84000,112.88
1,Denver,18000,64
5,Denver,75500,127
4,Boulder,80000,46.698
2,Denver,68610,76
4,Boulder,143000,70.228
1,Denver,12000,360.22
2,Boulder,78600,12
2,Boulder,58300,74
2,Boulder,65000,30.75
1,Boulder,7600,177
1,Denver,79000,58
1,Denver,95000,91
1,Denver,55000,110
1,Denver,91000,117
2,Boulder,63700,25.34
4,Boulder,68300,11.75
3,Denver,149000,191
4,Boulder,0,130
8,Denver,47000,141
1,Boulder,139800,66
1,Denver,32000,103
5,Boulder,145000,29.322
3,Denver,466000,109
1,Denver,30000,92
1,Boulder,32000,15.5
1,Denver,11300,141
3,Boulder,576000,43
4,Denver,40900,145
1,Denver,18000,104
2,Denver,46100,68
1,Denver,35000,204
1,Denver,25000,157
7,Denver,22720,69
5,Boulder,19400,45
3,Boulder,241000,18.824
1,Boulder,29300,258
6,Boulder,200000,78
2,Denver,102000,123
1,Boulder,69700,43.078
4,Denver,113500,113
1,Boulder,46000,31.132
2,Denver,94000,59
3,Boulder,140300,68
1,Denver,149000,70.55
2,Boulder,41300,112
2,Denver,20000,63.08
3,Boulder,125300,14.5
2,Denver,188300,65.57
2,Boulder,15370,41
2,Boulder,87300,11.946
1,Denver,27000,88.81
2,Boulder,48030,45
3,Boulder,130000,16.75
6,Boulder,114700,125
2,Denver,83700,37
2,Denver,272700,52
4,Boulder,580100,71
2,Boulder,184000,53.214
2,Denver,25000,160
2,Boulder,535000,16.25
1,Boulder,166000,24.254
5,Boulder,197000,38
2,Denver,160000,54
3,Boulder,64000,16.29
6,Denver,3600,129
1,Denver,5000,98
1,Boulder,35000,87
3,Denver,38200,53
1,Denver,35900,44
5,Boulder,223000,19.5
3,Boulder,85000,23
5,Denver,39750,73.87
2,Boulder,30000,191
1,Denver,68000,81
2,Boulder,361200,43
2,Denver,0,80
3,Boulder,184500,28.75
8,Denver,140000,102
2,Boulder,174500,13.394
1,Boulder,165000,81
2,Denver,16200,124
1,Boulder,38980,99
2,Boulder,32000,30.77
1,Boulder,9000,177
1,Denver,11000,91
1,Denver,33800,140
1,Denver,66150,72
1,Denver,150000,97.94
4,Boulder,312000,106
3,Boulder,295650,54
2,Boulder,40200,18
2,Denver,109020,363
1,Boulder,468000,185
2,Boulder,14400,105
2,Denver,47600,68
3,Boulder,77000,36
1,Boulder,30600,18
1,Denver,21000,108
3,Boulder,95150,24.254
2,Denver,165000,121
1,Denver,112300,72
2,Denver,38000,71.38
1,Denver,19100,277
2,Denver,53800,91
1,Denver,12600,85
5,Denver,170000,104
2,Denver,119000,59.76
4,Boulder,285020,22.444
2,Denver,87500,194.22
4,Denver,539500,111
5,Denver,80000,60
3,Boulder,300000,42
1,Denver,13500,109
2,Denver,67000,90
1,Boulder,50000,63
1,Denver,125300,108
1,Denver,45300,53
4,Boulder,235000,50
1,Denver,106000,73
2,Denver,71340,46.48
1,Denver,48000,342.79
3,Boulder,82200,129
1,Denver,22900,62
3,Boulder,169900,49
4,Boulder,102000,43
5,Boulder,195500,46.336
1,Denver,8020,104.58
3,Boulder,134000,63
1,Denver,10000,130
2,Boulder,103300,31.5
2,Denver,90000,108
1,Boulder,125000,12.308
2,Denver,48000,143
1,Denver,17300,85
1,Denver,164150,129
4,Denver,14000,175
1,Denver,56000,333
3,Boulder,22000,67
2,Boulder,125000,70
2,Denver,82500,30
2,Denver,24000,62
2,Boulder,161900,110
1,Denver,24000,136
4,Denver,58300,76
1,Denver,33000,42.33
2,Boulder,119000,119
1,Denver,120000,105
3,Denver,52000,191
2,Boulder,314000,58
4,Boulder,240000,44.164
2,Boulder,63000,44
1,Boulder,69500,63
5,Boulder,24200,149
4,Denver,146000,107
2,Boulder,234700,61
2,Boulder,39000,16.29
2,Boulder,80000,66
1,Denver,30000,53
1,Boulder,42000,17.014
1,Boulder,71201,31.494
2,Denver,110000,68
1,Denver,32000,55
2,Denver,26200,55
4,Denver,80000,78.02
2,Denver,8000,150
1,Denver,3700,49
2,Boulder,223000,47
1,Boulder,25000,54
1,Denver,44000,73
4,Boulder,34000,48
2,Boulder,45000,25.34
1,Boulder,52000,27.25
2,Denver,85100,64.74
2,Boulder,50400,240
1,Denver,35000,76.36
1,Denver,11800,73
2,Boulder,153320,31
1,Denver,1400,42
1,Denver,35200,129
4,Boulder,185000,54
4,Boulder,134800,232
2,Boulder,64400,39
2,Denver,83710,74
1,Denver,80000,77
1,Boulder,32800,71
1,Denver,185000,91.3
2,Boulder,34000,62
2,Denver,190000,73
2,Denver,100000,123.67
1,Denver,75000,308.76
2,Boulder,40000,18.25
2,Boulder,238000,130
5,Boulder,117000,47.06
3,Boulder,128500,20.75
5,Boulder,467000,17.5
1,Denver,23000,399
4,Boulder,200000,14.75
2,Denver,175000,129
1,Denver,21200,187
1,Boulder,41000,72
1,Boulder,101000,63
2,Boulder,198150,16.29
2,Denver,21400,112.05
1,Denver,26900,190
5,Denver,103000,156
2,Denver,66000,127
1,Denver,2300,73
2,Denver,109000,59
2,Denver,80000,75
2,Boulder,68000,70
2,Boulder,227300,19
2,Boulder,252500,27.75
2,Denver,50750,145.25
4,Boulder,110800,23.892
4,Boulder,667000,17
1,Denver,27700,52
2,Denver,55050,61
1,Boulder,32500,24.978
2,Denver,35000,219
2,Boulder,1027000,16.25
2,Denver,164600,63
3,Denver,87201,58
2,Denver,70000,142.76
3,Denver,63500,57.27
5,Denver,54500,66
1,Boulder,11300,76
1,Boulder,40000,39.458
3,Boulder,43400,151
4,Denver,23100,113
2,Denver,42350,97
5,Denver,12060,63.08
1,Boulder,50000,83
4,Denver,215000,106.24
5,Denver,42000,138
2,Denver,91000,49
2,Boulder,108000,118
2,Denver,138600,97.94
2,Denver,63000,120
3,Boulder,136000,70.59
2,Denver,49000,110.39
2,Denver,57500,146.08
1,Boulder,32600,34.5
2,Denver,214400,78
2,Boulder,237000,62
2,Denver,110000,236
2,Denver,60000,197
1,Denver,16800,51.46
1,Denver,40000,52
2,Denver,183000,73
2,Denver,56000,61
3,Denver,103000,265
1,Denver,24000,72.21
2,Denver,61200,60
6,Denver,1500,128
2,Denver,109300,101.26
2,Boulder,5100,92
1,Boulder,23900,63
1,Denver,97700,129
1,Denver,22700,123
3,Denver,466000,63
2,Boulder,44000,51.042
3,Boulder,195500,22.806
1,Boulder,44600,23.168
3,Boulder,180000,15.566
2,Denver,57000,105
1,Denver,8000,58.93
1,Denver,30000,97.94
3,Denver,346500,78
1,Denver,5000,106
1,Boulder,57000,112
1,Denver,18900,144
2,Boulder,41600,69
2,Denver,20000,265
1,Boulder,0,19.75
1,Boulder,180100,18.5
2,Boulder,200000,70.228
2,Boulder,155000,35
2,Boulder,476000,186
4,Denver,503000,119
2,Boulder,86100,204
2,Boulder,90000,12.5
2,Boulder,52950,57
5,Boulder,104000,35
2,Boulder,99050,17.25
1,Denver,110000,65
2,Boulder,144600,38.01
2,Boulder,36000,17.25
4,Boulder,158000,13.394
4,Boulder,64000,39.82
1,Boulder,18000,32.942
1,Denver,45000,68.06
1,Boulder,55000,66
4,Boulder,44500,116
1,Boulder,70000,26.426
2,Boulder,50400,78
1,Boulder,75100,26.426
2,Boulder,127600,110
3,Boulder,83400,73
4,Denver,10900,133
2,Boulder,73600,223
1,Denver,90000,206
2,Denver,38000,78
1,Denver,60000,108
3,Boulder,148000,40
1,Denver,9800,72
2,Denver,118000,68
2,Boulder,100000,19.75
4,Denver,64000,69
2,Denver,112600,62.25
1,Boulder,10000,111
3,Denver,346600,84.66
2,Boulder,44350,104
6,Denver,54000,163
2,Denver,14000,113
1,Denver,11000,106
2,Denver,21300,127
1,Boulder,202000,114
2,Boulder,116050,38
1,Boulder,33000,24.5
4,Boulder,59000,14
4,Denver,56400,89
4,Boulder,114000,116
1,Boulder,12000,28.75
3,Denver,116000,121.18
1,Boulder,61000,105
1,Denver,50000,363
1,Denver,117400,84
1,Denver,3600,81.34
1,Denver,6000,85
1,Denver,76000,73
3,Denver,126400,123
2,Denver,92300,118
3,Boulder,97220,145
2,Boulder,26000,5.75
5,Denver,52000,230
1,Boulder,40600,57
1,Boulder,22900,33
2,Denver,111000,74
2,Denver,92200,69
1,Boulder,8000,42
1,Denver,16900,240
4,Boulder,128600,31.75
1,Denver,10000,198
1,Denver,95000,49
3,Denver,130000,120
1,Boulder,43600,504
2,Boulder,82600,74
2,Denver,120000,73
1,Denver,47001,112
3,Boulder,82000,28.25
2,Denver,18000,67
2,Boulder,175000,35.476
2,Boulder,17300,23.168
2,Denver,57500,37
2,Boulder,35700,68
2,Boulder,158000,20.634
2,Denver,159000,101
1,Denver,14000,37.35
1,Denver,20000,101
2,Boulder,84500,28.598
1,Boulder,103500,65
4,Boulder,140000,69
2,Denver,78500,68
1,Denver,49000,131
1,Boulder,26800,14.75
1,Boulder,7000,373
1,Denver,17100,94.62
2,Boulder,50000,41.268
1,Boulder,20000,60
1,Denver,14500,143
4,Boulder,85100,61
4,Boulder,210000,33.25
1,Denver,60000,84
3,Denver,270000,90.47
4,Boulder,100000,33
2,Boulder,23500,83
2,Boulder,94600,22.806
6,Boulder,202000,22.082
1,Denver,110000,49
2,Denver,373000,105
4,Boulder,0,19.25
2,Boulder,30000,69
2,Boulder,247000,102
1,Boulder,75300,16
1,Denver,53200,139.44
1,Denver,70000,103
1,Denver,30000,52
3,Denver,59000,86
2,Boulder,491000,287
1,Boulder,34100,113
4,Denver,135000,107
2,Boulder,152800,57
2,Denver,109700,59.76
1,Boulder,75000,64
3,Denver,10000,119
1,Denver,8800,63
2,Boulder,49000,17.376
3,Denver,30000,253.98
4,Boulder,42000,62
1,Denver,36000,60.59
2,Boulder,190000,23.892
3,Denver,94200,63
2,Denver,15200,122
1,Boulder,25000,142
2,Boulder,176000,16.5
3,Boulder,112000,23.892
1,Denver,0,76
2,Boulder,110000,45.5
1,Boulder,53000,17
2,Boulder,100000,14.75
4,Denver,338000,65
1,Boulder,18160,40
1,Denver,61000,134.46
3,Denver,64600,87
2,Boulder,170000,146
3,Boulder,119500,81
1,Denver,466000,95
1,Boulder,39200,17.75
1,Denver,22000,36
4,Boulder,223250,38.734
7,Boulder,55000,124
4,Boulder,51000,10.136
1,Boulder,60000,34
1,Boulder,150000,29.684
2,Denver,254070,55
1,Boulder,30500,44.888
1,Boulder,47300,26.426
2,Denver,716000,114
4,Denver,109000,48
2,Denver,30600,254.81
2,Denver,42700,76.36
3,Boulder,89300,69
1,Denver,132500,112.05
1,Boulder,24000,105
4,Boulder,48000,19.548
1,Denver,60000,64
1,Denver,10000,55
1,Boulder,10000,126
3,Boulder,95000,42
1,Denver,80000,166
3,Denver,125000,68
2,Boulder,48000,38
7,Denver,88000,384.29
3,Denver,170000,105
5,Boulder,118200,48.25
2,Denver,35800,84
4,Boulder,143800,146
1,Boulder,38000,28.96
2,Boulder,95000,21
3,Boulder,140000,70
2,Boulder,115000,24.5
4,Boulder,22200,32
1,Denver,14430,116
2,Denver,43000,42
1,Denver,146800,79
1,Denver,40000,130
1,Boulder,52000,15.204
1,Denver,15000,90
1,Boulder,15000,35.476
1,Denver,21800,97.11
1,Denver,42500,64
2,Denver,133600,78
4,Denver,596000,127
2,Denver,75700,162
1,Denver,36000,69
1,Boulder,466000,39
1,Boulder,5000,34.752
1,Denver,25000,72
1,Boulder,36000,58
2,Boulder,155000,24.978
2,Boulder,66820,17.25
3,Boulder,133000,56
2,Denver,36000,66
3,Denver,36200,121
1,Denver,140000,751
2,Denver,127060,101
1,Denver,15000,45.65
1,Denver,145000,56
1,Denver,9630,105
2,Boulder,36660,59
1,Denver,10200,94
2,Denver,65000,75
4,Boulder,24750,11
1,Denver,44000,37
2,Boulder,91600,49.956
1,Denver,45000,78.85
1,Denver,85000,66
1,Boulder,7500,71
4,Boulder,108400,26.25
3,Denver,97000,48
3,Boulder,145800,138
2,Boulder,40400,36.2
3,Boulder,44700,43.44
2,Boulder,75000,30.77
3,Boulder,124000,127
4,Boulder,369600,95
1,Boulder,24000,116
2,Denver,398400,114
2,Denver,34420,130
2,Denver,145000,91
2,Denver,130000,141.1
1,Denver,66000,119
1,Denver,15160,92
7,Denver,173500,105
1,Denver,72720,69
2,Denver,71000,69
2,Boulder,66020,8.25
6,Boulder,96100,20.25
2,Boulder,122450,27.512
5,Boulder,69600,21.358
2,Denver,235000,196
1,Boulder,0,41
4,Boulder,192150,9.5
3,Boulder,136000,20.272
1,Boulder,34200,69
2,Denver,91000,77.19
5,Denver,150000,54
3,Boulder,260000,93
1,Denver,92500,53.95
5,Boulder,84500,37.648
2,Denver,64800,175
2,Boulder,175000,22.444
3,Denver,118800,141
2,Boulder,200000,57
3,Boulder,466000,16
1,Denver,25000,68
4,Boulder,46500,48
1,Denver,1200,114
2,Denver,5200,35
3,Denver,19800,309.59
1,Denver,149000,66
2,Boulder,63000,59
5,Boulder,529500,65
2,Denver,486010,111
3,Boulder,168800,15.25
1,Denver,6200,74
2,Boulder,90000,27.15
4,Denver,130000,119
1,Denver,75700,37
1,Denver,4500,38
4,Denver,66000,461
2,Boulder,76310,27.512
1,Boulder,50000,36.5
2,Denver,87080,44
1,Boulder,125000,10.75
1,Denver,49000,101.26
3,Boulder,68000,124
1,Boulder,15020,135
1,Boulder,30700,66
1,Boulder,9350,26.064
2,Boulder,84500,82
4,Boulder,270500,32.75
3,Denver,240100,60.59
2,Boulder,68000,11.946
2,Denver,80000,99.6
1,Denver,195000,63
1,Boulder,61000,26.064
1,Denver,60000,55.61
2,Boulder,95000,22.444
1,Denver,102100,78.02
2,Boulder,99000,2.75
2,Boulder,36000,52.49
1,Denver,48000,108
2,Boulder,62400,11.5
4,Boulder,119400,51.404
1,Boulder,17400,17
3,Boulder,25000,20.996
5,Denver,12000,213
1,Denver,53000,145
1,Denver,77900,67
3,Denver,66500,127
4,Denver,478500,109
3,Denver,31000,113.71
4,Denver,152000,54.78
3,Denver,12100,249
2,Boulder,34000,35.114
2,Denver,15000,80
1,Denver,19200,86.32
3,Boulder,115000,17.5
1,Denver,48000,48
1,Denver,100000,227
2,Denver,130050,165
2,Boulder,42000,64
2,Denver,70000,105
2,Boulder,120000,33
1,Denver,10200,120
5,Boulder,140800,36.562
1,Denver,37000,42
2,Denver,51500,145
2,Boulder,47000,78
2,Boulder,100500,23.53
2,Boulder,175000,78
5,Boulder,23700,75
1,Denver,32000,94.62
1,Boulder,14900,125
4,Denver,140000,300
4,Boulder,111600,133
6,Boulder,41990,209
2,Boulder,429000,33.666
1,Denver,65000,247
2,Boulder,70000,35.114
3,Boulder,33800,68
1,Denver,29600,99.6
4,Denver,75000,120
2,Boulder,48200,112
1,Boulder,21700,339
1,Denver,61000,78
2,Boulder,41000,23.892
1,Denver,55000,60
2,Denver,220000,53.12
2,Boulder,10800,38
1,Denver,0,73
3,Denver,27400,77
3,Denver,39000,78.85
1,Boulder,38000,37
2,Boulder,39850,96
2,Boulder,41000,14.25
1,Denver,39200,54
1,Denver,96010,117.03
1,Denver,23400,56
1,Boulder,155000,77
1,Denver,277000,51.46
1,Boulder,12000,64
1,Boulder,90520,63
2,Denver,82000,52.29
1,Denver,90000,64
2,Boulder,216000,4
1,Boulder,38200,29.684
1,Denver,64000,100
2,Boulder,180000,17.014
1,Denver,14400,101.26
2,Denver,70300,105
5,Denver,70000,151
1,Boulder,20000,13
1,Denver,9100,155
2,Boulder,10500,64
2,Denver,168000,87
5,Boulder,231000,15.5
2,Denver,4710,55.61
3,Denver,30000,184
2,Denver,122000,44
1,Denver,21000,117
5,Denver,2000,104
2,Boulder,25000,9.5
2,Denver,63000,121
1,Denver,40000,47
1,Boulder,20400,159
2,Denver,17100,29
4,Boulder,70000,94
1,Boulder,56500,28
2,Denver,93000,72
2,Denver,50000,126
7,Denver,98800,63
1,Boulder,37650,33
1,Denver,15920,70
4,Boulder,90000,40.25
1,Boulder,20000,104
1,Denver,15000,97
2,Denver,31000,121.18
1,Boulder,40000,108
2,Boulder,229990,20.5
1,Boulder,70000,39.458
3,Denver,60000,204
2,Boulder,15000,16.5
2,Denver,379000,68
2,Denver,98500,183.43
5,Denver,30600,94
2,Boulder,165000,25.34
2,Denver,19200,68
2,Boulder,15400,54
2,Denver,107000,227
1,Boulder,34000,24.978
1,Boulder,44600,9.25
5,Denver,19000,97
1,Denver,4000,68.06
1,Boulder,14400,67
2,Denver,24000,153
1,Boulder,399200,70
6,Boulder,74000,154
1,Denver,8800,85.49
1,Denver,35000,54.78
1,Denver,9000,157
4,Boulder,193200,20.996
2,Denver,64800,107
2,Boulder,77000,29.684
1,Denver,263700,104.58
3,Boulder,91000,34.028
1,Denver,670,146
1,Denver,96100,105
2,Boulder,62000,14.48
3,Boulder,70100,3.25
2,Boulder,188000,38.734
2,Boulder,610500,177
1,Boulder,25000,64
5,Denver,118000,58.1
2,Boulder,93000,22.082
2,Boulder,39200,19.25
4,Boulder,50000,26.788
4,Boulder,90340,25.34
1,Denver,75000,297
1,Boulder,34500,20.634
1,Boulder,105000,72
4,Denver,8000,135
1,Denver,472000,133
3,Denver,25000,129
1,Boulder,85000,39.096
4,Denver,150000,120
1,Denver,2500,91.3
2,Boulder,115000,114
2,Boulder,289900,17.376
2,Denver,17700,359
3,Boulder,272600,58
2,Denver,67900,73
2,Denver,116000,85.49
2,Boulder,132000,22.75
2,Denver,35800,39.01
1,Boulder,42000,5.75
3,Denver,32960,41
1,Denver,42000,200.86
5,Boulder,110000,14.842
4,Denver,165000,80
1,Denver,31900,77.19
3,Denver,132000,63.08
1,Boulder,12000,13
2,Denver,69000,279.71
3,Boulder,124000,99
3,Boulder,24000,139
2,Boulder,69000,62
2,Denver,61600,123
1,Boulder,67000,15.566
5,Denver,200750,311
2,Boulder,477000,17.75
2,Boulder,47740,39.82
1,Denver,21100,84
14,Denver,58260,238
6,Boulder,71500,93
2,Denver,14200,69
1,Denver,0,73
1,Denver,100000,82
1,Denver,15020,81
4,Denver,280000,79
3,Boulder,84200,136
2,Denver,131000,73.87
2,Denver,19000,49.8
1,Denver,65000,67
5,Denver,319410,133
2,Boulder,166300,27.15
1,Denver,102000,59.76
2,Denver,59400,67
1,Denver,98000,84
2,Denver,120000,66
2,Denver,38620,55.61
3,Denver,49600,52
2,Denver,140000,126
1,Denver,40000,69
3,Denver,130000,201
1,Denver,9800,57
1,Denver,9000,80
2,Boulder,86000,86
2,Denver,0,69
1,Denver,45500,109
1,Denver,50000,52
2,Denver,37000,104
2,Denver,21000,107.07
4,Denver,128500,69
4,Boulder,182500,33.304
2,Boulder,72000,22.444
3,Boulder,110000,72
2,Denver,49000,63
1,Boulder,9400,229
4,Denver,35000,109
2,Denver,160000,36.52
1,Denver,50850,70.55
1,Denver,10800,181
1,Denver,46000,40
2,Boulder,133000,85
5,Denver,34000,185
2,Boulder,156500,59
1,Denver,60000,53
2,Denver,156000,60
1,Boulder,0,6.25
1,Denver,100000,75.53
1,Boulder,24000,112
3,Denver,48000,222
4,Boulder,107000,36.2
2,Denver,2300,39
1,Denver,115000,58.1
2,Denver,195500,96
1,Denver,150000,111
2,Denver,10000,181
1,Boulder,95500,143
4,Boulder,90400,31
2,Denver,75000,81.34
2,Boulder,112200,90
3,Boulder,33700,106
1,Boulder,9500,80
3,Boulder,333500,15.5
2,Boulder,175000,38
3,Denver,210000,70
2,Denver,29200,115
3,Boulder,40200,14.842
1,Denver,17000,48
1,Boulder,100000,55
2,Denver,68400,211
1,Denver,15000,112
1,Denver,48000,55.61
2,Denver,36000,57
1,Denver,14600,65
2,Denver,38600,120.35
1,Denver,1900,119.52
1,Denver,13100,125
1,Denver,65200,62
2,Denver,26000,59
2,Denver,184000,115
2,Denver,129000,106
3,Boulder,62200,18.1
2,Boulder,155000,16.75
6,Denver,44940,65
1,Denver,21000,109
2,Denver,105000,33
1,Denver,8700,85
1,Denver,105000,88
3,Boulder,50000,17.25
1,Boulder,38000,120
1,Boulder,32100,15
3,Boulder,330000,45.612
2,Boulder,132360,17.014
5,Boulder,152000,50
2,Boulder,110000,71
2,Denver,47900,62
2,Denver,160400,128
3,Denver,52000,375.16
2,Denver,30000,217.46
2,Boulder,26001,91
2,Boulder,45000,38.75
1,Denver,25000,403
1,Denver,40000,257
1,Boulder,15300,49
1,Boulder,5500,103
1,Denver,82600,61
1,Boulder,50000,29.684
4,Boulder,156000,19.75
6,Denver,38000,156
3,Denver,57000,184
8,Denver,90500,114
1,Denver,36200,132
1,Denver,2800,200
2,Boulder,70000,13.032
2,Boulder,56100,20.634
2,Boulder,570300,21.358
1,Denver,9100,73
2,Denver,110000,75
3,Denver,206000,64.74
1,Boulder,97400,27.512
5,Denver,119710,223
5,Boulder,85000,49.232
4,Boulder,184000,53
1,Denver,60000,230
2,Boulder,142000,19
1,Denver,268200,73.04
5,Denver,114000,207
1,Boulder,94600,28.96
1,Denver,100250,76
2,Denver,122000,58.93
2,Boulder,262000,16.75
1,Denver,95000,85
4,Boulder,141000,128
1,Denver,47400,63
4,Boulder,204000,20
1,Denver,67000,59.76
2,Denver,13200,57
2,Denver,52500,69
4,Boulder,86000,37
4,Denver,36000,133
2,Boulder,306000,16.652
2,Boulder,184750,116
3,Denver,110110,64
2,Boulder,107300,28.236
2,Denver,52000,159
2,Denver,168000,91
2,Boulder,115700,14.5
3,Denver,72000,52
2,Denver,476001,136
1,Denver,22000,73
1,Denver,125000,184
2,Boulder,185000,16.75
2,Boulder,75000,54
1,Boulder,18570,52
1,Denver,0,68.06
2,Boulder,70200,103
2,Boulder,40000,36
2,Denver,79100,65
1,Denver,25200,315
2,Denver,31000,63.08
1,Denver,52600,59.76
3,Boulder,16000,129
2,Boulder,35500,53.576
4,Denver,242000,71
2,Denver,85000,90.47
2,Denver,113500,88
2,Denver,466000,135
2,Denver,23700,76
3,Denver,120000,67
1,Denver,80000,68
1,Boulder,28000,26.788
1,Denver,81600,123
1,Denver,13500,69
2,Denver,66000,36
4,Denver,160100,71
1,Boulder,18000,19.5
5,Denver,48400,155
1,Boulder,17400,125
1,Boulder,15300,67
1,Boulder,20000,14.118
3,Denver,36000,69
2,Boulder,50000,275
5,Denver,74000,169
2,Boulder,302000,46
3,Boulder,77000,54
4,Denver,134000,117
2,Boulder,52700,24.616
2,Boulder,88000,15.25
1,Denver,8400,148
1,Denver,64000,48.97
1,Denver,60800,113.71
5,Boulder,46000,275
1,Denver,50000,112
3,Boulder,3060,32
1,Boulder,0,189
2,Denver,73530,57.27
2,Boulder,150000,82
2,Denver,126200,58.1
1,Boulder,13000,23.53
1,Denver,35000,52
3,Denver,600,89
3,Boulder,32000,74
3,Denver,166500,178
1,Boulder,78000,38.734
3,Boulder,223300,17.75
7,Boulder,126000,10.5
1,Denver,35000,71
1,Denver,42800,101
5,Denver,32000,246.51
1,Denver,35820,112.05
12,Denver,5900,269
2,Denver,57900,112.05
1,Boulder,20000,23.53
2,Denver,170000,126
4,Boulder,52000,120
1,Denver,10000,57
3,Boulder,150500,81
2,Denver,2600,118
2,Denver,0,62
1,Denver,38000,205
5,Boulder,323000,89.052
1,Denver,45000,81
1,Boulder,25600,112
1,Denver,10500,363
3,Denver,104000,115
4,Denver,120000,131
2,Denver,219000,67
5,Boulder,361500,119
7,Denver,130000,97.94
2,Denver,50200,52
1,Denver,33000,61
1,Denver,25000,278
2,Boulder,62000,35.476
1,Denver,40000,42
7,Boulder,168400,70
2,Boulder,155000,37.286
5,Denver,177400,105
3,Denver,0,106
1,Boulder,1500,36.562
1,Denver,52000,46
2,Denver,48000,132
1,Denver,29500,75
2,Boulder,118000,63
2,Denver,145900,83
1,Denver,40900,121
2,Boulder,128100,63
1,Boulder,32000,56.5
4,Boulder,132250,8.25
1,Boulder,73180,110
3,Boulder,98000,124
2,Denver,22400,81.34
2,Denver,354000,111
4,Denver,466000,71
2,Denver,261500,75
2,Boulder,15000,24.978
1,Boulder,115000,85
2,Boulder,165790,108
1,Denver,30410,312.91
1,Denver,15000,164
2,Denver,155500,97
2,Boulder,35000,20.25
1,Denver,27004,68.89
3,Denver,236000,102.09
2,Denver,574500,68.89
1,Denver,54020,213.31
4,Denver,39900,215
3,Denver,0,58.93
1,Denver,8400,165.17
1,Boulder,52000,50.5
1,Boulder,480,121
2,Boulder,25000,121
2,Boulder,91000,15.204
1,Boulder,60000,99
1,Denver,2000,58
1,Denver,12000,40
1,Boulder,23100,65
5,Boulder,102500,44.888
1,Boulder,16400,96
4,Boulder,56000,57
2,Boulder,80600,98
6,Denver,20000,184
1,Denver,13000,439
2,Denver,57001,53.95
3,Boulder,19600,186
1,Boulder,65000,23.53
1,Denver,82500,68.06
2,Boulder,144100,62
3,Denver,173000,59.76
2,Denver,54000,109
2,Denver,162000,133
1,Denver,32400,71
2,Boulder,529000,16.5
4,Denver,70000,112.05
2,Denver,80000,71
4,Denver,96001,39.84
2,Denver,51200,131
2,Boulder,100000,51
2,Denver,64200,99.6
3,Denver,322000,148
3,Denver,32000,45.65
1,Denver,66000,97
1,Boulder,35000,43.802
1,Denver,8800,193
3,Boulder,102200,34
1,Denver,37800,172
1,Denver,120000,125
3,Boulder,141000,88
1,Denver,85000,126.99
1,Denver,54000,282.2
3,Boulder,135000,23.168
1,Denver,12000,89
5,Denver,185000,353
2,Denver,64400,68.89
2,Boulder,13000,136
5,Denver,57000,284
5,Boulder,425800,7.5
2,Boulder,113500,137
3,Boulder,46010,18
3,Boulder,91500,19.5
4,Boulder,101500,127
2,Boulder,77380,60
2,Boulder,160000,21.5
1,Denver,25600,40
1,Denver,50000,119
1,Boulder,79000,31.132
3,Denver,57500,107.9
2,Boulder,110000,51.404
1,Denver,73000,46
2,Denver,19000,123
2,Boulder,50050,23.168
2,Denver,90000,53.12
2,Boulder,510300,103
6,Boulder,63100,69.866
4,Boulder,100000,72
3,Boulder,190000,101.5
2,Denver,0,142
2,Boulder,102800,33
2,Denver,29600,76.36
6,Denver,27000,61.42
3,Denver,85000,107
3,Denver,105004,258
2,Boulder,57600,32
1,Denver,7400,120
1,Boulder,31000,26.064
2,Boulder,29400,51
1,Boulder,5500,34
3,Denver,131500,119
4,Denver,12000,91
1,Boulder,16000,75
2,Boulder,89830,31
2,Boulder,183700,51
4,Denver,164000,70
1,Boulder,90000,84
1,Denver,95000,132
3,Boulder,152000,16.5
1,Denver,74200,155
1,Boulder,13000,19
2,Denver,44500,66
4,Boulder,167500,105
1,Boulder,12001,12
1,Boulder,18500,245
1,Boulder,38000,27
2,Boulder,89000,14.842
1,Denver,8800,66.4
2,Denver,45000,142
2,Boulder,38000,34.39
1,Denver,80000,56
4,Denver,459000,87
2,Denver,50000,80
4,Boulder,350000,40.906
5,Boulder,122000,14.75
3,Boulder,6000,36.5
1,Denver,15000,46
1,Boulder,79000,38.372
1,Boulder,15200,52.128
3,Boulder,111630,34.028
2,Boulder,37400,174
1,Denver,85500,59.76
8,Denver,38000,56
1,Boulder,38500,25
1,Denver,53800,34
4,Boulder,520000,119
2,Denver,14800,84.66
1,Denver,9200,84
1,Denver,10960,81
4,Boulder,45520,104
2,Denver,8000,71
2,Boulder,56000,26.788
2,Denver,20400,82
1,Denver,6000,89.64
1,Denver,65000,108
3,Boulder,95550,81
1,Denver,21000,63
2,Boulder,204400,40
1,Denver,54200,83
2,Boulder,30000,25.702
2,Denver,-5120,102.09
1,Boulder,11000,62
2,Boulder,58941,19.25
2,Denver,16100,59
1,Boulder,82400,269
2,Denver,126000,75
4,Denver,111000,105.41
2,Denver,141000,86
2,Boulder,38400,146.248
1,Denver,15440,128.65
3,Denver,79000,63
1,Denver,175000,170
4,Denver,176000,60.59
1,Boulder,160000,39.82
2,Boulder,225000,39
5,Denver,85280,51
2,Boulder,65000,19.5
1,Denver,31000,209
3,Boulder,188200,23.892
3,Boulder,100000,63
2,Denver,96000,119
2,Boulder,75000,21.5
1,Denver,59000,88
2,Denver,86600,28.22
4,Boulder,142700,17.75
1,Boulder,48000,268
1,Boulder,200000,29.75
8,Boulder,478150,37.648
2,Boulder,51000,36
1,Denver,4800,146
1,Denver,51800,77.19
4,Denver,39800,48
3,Denver,80000,73.87
1,Denver,43600,64
1,Denver,66000,54
1,Boulder,12100,74
1,Boulder,34660,42
2,Boulder,107500,17.376
1,Denver,400,73.87
1,Denver,40000,86.32
2,Denver,80700,63
2,Boulder,172000,23.5
2,Denver,92000,53.12
5,Boulder,125000,64
1,Denver,20000,201.69
1,Denver,62000,127.82
1,Denver,8700,103.75
1,Denver,221000,112
2,Denver,34000,68
3,Boulder,200000,74
6,Boulder,87000,76
2,Denver,43000,66
1,Denver,144000,60
1,Boulder,85300,14.842
1,Boulder,24950,32.218
3,Denver,57000,375
2,Boulder,105000,17.25
1,Boulder,93000,65
1,Boulder,6300,14
1,Denver,26600,93
3,Boulder,184760,154
5,Denver,115000,60.59
1,Denver,52000,97
1,Denver,91000,76
1,Denver,55000,97.94
3,Boulder,150730,112
1,Denver,25650,119
2,Boulder,122600,67
1,Boulder,61000,93.758
1,Denver,12604,77.19
3,Boulder,254000,23.53
5,Boulder,145000,17.75
2,Boulder,87000,34.39
1,Denver,39200,112
2,Denver,0,99
2,Boulder,10350,69
2,Denver,115200,237.38
2,Denver,170000,60.59
7,Denver,140000,99
1,Denver,4700,71
1,Boulder,78500,127
7,Boulder,125000,78
2,Boulder,99200,36.2
7,Boulder,160250,106
1,Boulder,58000,73
4,Denver,253000,42
4,Denver,80000,99
1,Denver,9000,143
1,Boulder,78000,24.978
4,Denver,81000,115
1,Boulder,4000,73.25
1,Boulder,43000,136
2,Boulder,100000,112
3,Denver,60000,279.71
1,Boulder,130000,98
2,Denver,61000,57
3,Boulder,92500,27.15
1,Denver,155000,63.08
1,Denver,7000,84.66
1,Boulder,56000,217
2,Denver,62000,100
2,Denver,6000,63.91
1,Denver,5500,53
1,Boulder,60000,41
2,Boulder,157280,53
2,Boulder,68000,42.354
1,Boulder,17300,100
5,Denver,620,167
2,Denver,10700,114
2,Boulder,239000,64
1,Denver,5400,92.96
1,Denver,108500,78
3,Boulder,37400,37
1,Boulder,20000,32.75
6,Boulder,158000,37.648
2,Denver,41000,83.83
1,Denver,15104,53
1,Denver,15200,153.55
8,Boulder,123004,22.082
3,Denver,53000,169
3,Denver,0,297
2,Boulder,13800,19.91
1,Denver,27000,92
3,Boulder,50400,48.87
1,Boulder,26400,25.34
2,Denver,169000,53.12
5,Boulder,130000,42.354
1,Boulder,23000,89
3,Denver,13600,58
1,Boulder,14700,45.974
2,Boulder,22200,25.702
1,Boulder,45000,198
1,Denver,466000,122
4,Boulder,180000,91
4,Denver,30000,223
1,Denver,18000,49.8
4,Denver,117100,228
6,Denver,50000,78
1,Denver,70000,57.27
1,Denver,9000,122
1,Boulder,8000,90
2,Boulder,127000,56.472
1,Boulder,305900,107
2,Denver,37000,71
4,Denver,75200,57
1,Denver,51000,49.8
1,Denver,33550,72
5,Boulder,160600,29.684
2,Boulder,115000,63
3,Denver,52800,47.31
2,Denver,20000,61.42
3,Boulder,466600,38.734
1,Denver,19730,55.61
1,Boulder,48000,167
4,Boulder,159000,75
2,Denver,25200,120
2,Boulder,35000,75
1,Boulder,35800,32.58
2,Boulder,156000,65
1,Denver,80000,107.07
2,Boulder,65300,26.064
2,Denver,47900,35
4,Boulder,221780,17.25
1,Denver,30500,59
2,Boulder,95000,121
4,Boulder,210000,16
1,Boulder,62000,106
4,Denver,180000,68
2,Boulder,43200,32.5
1,Boulder,18200,28.236
4,Denver,205000,322
1,Boulder,0,65
2,Denver,81200,133.63
2,Denver,45000,133.63
3,Boulder,101000,20.272
2,Boulder,190000,101
1,Denver,39700,125.33
1,Denver,23000,85
1,Denver,35040,47
1,Boulder,55000,38
2,Denver,97500,71
1,Denver,15000,102
1,Denver,34500,61
2,Boulder,25200,40.544
2,Boulder,5800,65
3,Boulder,93000,104
2,Denver,109000,69
1,Denver,13400,100.43
2,Boulder,434000,18.75
3,Denver,9500,160
1,Boulder,87200,28.236
2,Denver,20300,50
1,Boulder,11100,55.386
5,Boulder,66000,49.956
2,Boulder,26000,149.868
5,Denver,80800,289
1,Denver,35000,347
1,Boulder,42630,45.974
1,Denver,111000,132
1,Denver,29700,48.14
2,Boulder,13200,12.75
1,Denver,33000,49.8
4,Denver,192000,69.72
1,Denver,12000,204.18
2,Denver,8400,140.27
2,Denver,22500,63
4,Boulder,110500,67
2,Boulder,230700,15.5
2,Boulder,45500,16.652
2,Boulder,104500,59
1,Denver,130000,126
5,Denver,73150,103.75
1,Denver,86000,177
1,Denver,9000,79
2,Boulder,167800,100
1,Boulder,23600,13.394
2,Boulder,66000,120
2,Denver,184000,120
2,Denver,122500,202
2,Denver,35200,63.08
5,Boulder,40900,41.75
2,Denver,75000,100
2,Denver,125500,63.91
2,Boulder,144000,14.118
1,Denver,77100,77.19
1,Boulder,80200,301
1,Boulder,10000,254
3,Denver,61700,505
2,Boulder,43400,49.594
2,Boulder,174450,67
1,Denver,62700,71.38
2,Denver,97000,56
4,Boulder,48000,33
2,Denver,466000,85
2,Denver,36000,213
1,Boulder,39900,28.236
4,Boulder,181200,24.616
3,Boulder,98000,17.25
2,Denver,70500,393
1,Denver,13900,123
1,Denver,6500,57
1,Denver,188500,43
1,Denver,32000,101
2,Boulder,56000,103
1,Boulder,200000,193
2,Boulder,48200,67
3,Denver,21000,56
2,Boulder,147000,30.046
2,Boulder,72300,72
5,Boulder,120000,74.572
4,Boulder,30600,167
1,Denver,16500,102
2,Denver,132000,49
2,Denver,132000,127
1,Denver,20000,146.91
2,Denver,122000,110
3,Boulder,279000,271
2,Boulder,75700,14.48
1,Denver,314000,143
2,Denver,8800,106
3,Boulder,103000,28
2,Denver,15600,67
1,Denver,0,116
1,Boulder,125000,12.67
2,Denver,50000,62
1,Denver,58900,169
1,Denver,26000,449
1,Boulder,45000,70
1,Boulder,75000,66
2,Denver,18000,61
2,Boulder,127700,66
2,Boulder,103000,38.734
4,Boulder,74400,49.594
2,Denver,93600,85
2,Boulder,188010,52
1,Boulder,27800,268
2,Boulder,77000,81
3,Denver,194500,140
2,Boulder,163000,103
2,Boulder,51000,22.806
1,Boulder,0,149
4,Boulder,114000,12.308
2,Denver,40600,114
1,Denver,75000,120.35
1,Boulder,7700,39
1,Denver,30000,101
2,Denver,39000,70.55
1,Denver,40000,63
3,Denver,5450,49
1,Boulder,28800,56
6,Denver,88000,78
2,Denver,66800,72
1,Boulder,50800,39.096
3,Boulder,199300,121
2,Boulder,38000,123
3,Boulder,164000,23.892
2,Boulder,314800,10.25
1,Denver,14000,132
2,Boulder,357000,14.48
4,Denver,196600,100.43
1,Denver,32600,60
1,Boulder,60000,106
2,Boulder,120310,118
4,Denver,331000,74
5,Boulder,110000,618
2,Boulder,180150,16.25
1,Boulder,12000,32
4,Boulder,20760,53
3,Boulder,130000,67
1,Denver,112000,352
3,Boulder,36000,49
4,Denver,61000,157
2,Denver,36000,77
2,Boulder,27000,139
4,Boulder,140000,91
6,Denver,265000,78
4,Boulder,102000,53
1,Denver,65000,66
1,Denver,40000,340
1,Boulder,363000,68
2,Boulder,34000,160
4,Boulder,230000,84
1,Boulder,20,66
1,Denver,30450,68
4,Boulder,89000,191
2,Denver,36200,187
1,Denver,51000,63.91
2,Denver,44000,234
2,Boulder,36300,49.5
2,Boulder,90000,42
3,Denver,108000,87
2,Denver,96701,54.78
2,Boulder,65000,110
1,Denver,25000,70
3,Denver,240000,122
4,Boulder,360500,119
1,Boulder,115000,105
2,Denver,45000,58.93
1,Boulder,73000,42
3,Boulder,95000,152
2,Boulder,100000,38
2,Boulder,110000,93
2,Denver,162100,108
4,Boulder,131200,88
2,Boulder,162040,101
5,Denver,81000,182
2,Boulder,38700,38.372
1,Denver,42000,90
2,Boulder,100000,21.358
1,Denver,32000,339
2,Denver,100000,102
1,Boulder,71000,4.25
1,Denver,50000,47
2,Boulder,157000,39
4,Denver,12000,251
2,Denver,143000,71
1,Denver,75000,65
1,Boulder,48000,108
2,Denver,115000,86
1,Boulder,17700,90
4,Boulder,140000,81
3,Denver,58400,80.51
2,Boulder,50000,38.01
2,Denver,422000,40.67
3,Boulder,138700,84
1,Denver,10300,132
1,Denver,30000,74
1,Denver,46830,48.97
3,Denver,500,248
1,Denver,80000,71.38
1,Denver,20000,135.29
2,Boulder,955000,19.25
1,Boulder,50100,24.616
2,Denver,316000,56
2,Denver,56000,67
3,Boulder,165000,33.666
2,Denver,25400,143
2,Boulder,92500,35.25
8,Denver,56000,118
2,Denver,92000,83
2,Denver,165000,42
2,Boulder,153000,48
5,Denver,91350,139
1,Denver,45100,97.11
1,Denver,140000,119
2,Denver,313900,53.95
2,Boulder,90000,283
1,Boulder,49200,67
4,Denver,122200,58
4,Boulder,102000,49
2,Denver,93000,155
2,Denver,225000,115
3,Boulder,50000,104
2,Denver,22400,76.36
2,Boulder,101600,54
2,Denver,284200,105.41
1,Boulder,13100,136
2,Boulder,193000,25.702
2,Boulder,39700,45.612
1,Boulder,40930,60
1,Boulder,15400,71
3,Denver,15000,207.5
1,Boulder,23400,33.75
4,Boulder,130100,66
2,Boulder,675500,18.5
1,Denver,16000,413
1,Denver,75400,53.12
1,Denver,35000,110.39
1,Denver,9300,139
3,Denver,146000,51.46
4,Boulder,64100,114
1,Denver,65000,56
2,Denver,110400,93
2,Boulder,94000,29.322
3,Boulder,125000,84
2,Boulder,104700,27.512
2,Denver,39600,60.59
4,Boulder,123000,116
2,Denver,55000,73
1,Boulder,45200,71.676
2,Boulder,34400,19.186
1,Boulder,38000,102
4,Boulder,68100,15.204
1,Boulder,69200,20.634
2,Denver,180000,151
1,Boulder,54300,77
2,Denver,203600,127
2,Denver,35500,66.4
3,Denver,103000,41
2,Denver,125000,66
1,Denver,27100,107.07
2,Boulder,197080,18
2,Boulder,13200,111
2,Boulder,106000,107
2,Denver,208000,81
2,Denver,50000,57
2,Boulder,213110,29.322
4,Boulder,45400,128
2,Denver,466000,353
1,Denver,104100,110.39
1,Denver,37500,47.31
1,Denver,88000,107
2,Boulder,468100,12.67
1,Boulder,23000,62
3,Denver,488000,78
1,Denver,37000,59
3,Denver,113000,77
4,Boulder,137000,15.5
2,Boulder,60800,27.15
2,Boulder,60000,82.536
1,Boulder,34000,14.118
6,Denver,46000,73
1,Boulder,75000,28.75
2,Denver,51700,114
1,Boulder,17100,16.652
2,Denver,187400,85
2,Boulder,62500,23.168
4,Denver,64700,105
1,Denver,65000,39.84
3,Boulder,33300,42
1,Boulder,24000,122
1,Denver,12000,47
1,Denver,1600,83
1,Denver,39800,150
2,Denver,138800,146
1,Boulder,36000,8
1,Boulder,156000,74
2,Boulder,47000,52
4,Boulder,117000,218
1,Denver,20000,74.7
2,Denver,83000,94
4,Boulder,254000,30.408
3,Boulder,64500,79
3,Denver,381000,79
2,Boulder,34000,43.44
2,Denver,85000,39
1,Denver,50000,229.08
1,Boulder,47400,26.788
4,Denver,43350,48
2,Boulder,42000,51.766
1,Denver,20000,94
1,Boulder,33500,78
2,Denver,69000,27.39
4,Boulder,214000,20.996
2,Boulder,56600,18.462
1,Boulder,37500,27.5
1,Denver,900,61
3,Boulder,300000,69
5,Denver,45000,117
1,Boulder,70000,100
3,Boulder,176400,18.25
4,Boulder,243800,98
4,Denver,208000,82
2,Denver,20000,83
1,Denver,50000,77
4,Denver,94000,112.05
3,Denver,75000,67
3,Boulder,171000,11.25
2,Denver,78500,69.72
2,Boulder,58500,67
1,Denver,9100,127
3,Boulder,83200,98
2,Denver,49600,251.49
2,Denver,90900,54
2,Boulder,215000,23.892
6,Denver,163000,36
1,Denver,2200,144.42
2,Boulder,537000,19
1,Denver,80000,155
3,Boulder,145080,90
2,Denver,76000,31.54
2,Denver,12100,68
1,Denver,150000,140
3,Denver,45600,104
2,Boulder,123460,16.652
1,Boulder,63000,61
1,Denver,17800,136
1,Denver,6000,66
2,Boulder,57000,409
3,Denver,19400,59
1,Boulder,45000,80
2,Boulder,130000,27.15
1,Denver,27500,130
2,Boulder,40700,60
1,Denver,200000,239
2,Denver,7000,68.89
3,Boulder,189120,13.756
2,Boulder,12900,45
2,Denver,11700,63
1,Denver,55000,70.55
6,Denver,3100,186
2,Denver,69000,135
2,Boulder,31901,67
3,Boulder,13000,15.75
1,Denver,46500,110
1,Boulder,20000,54
4,Denver,102050,147
1,Boulder,32860,61
2,Boulder,208190,73
2,Denver,135000,52.29
2,Denver,110020,111
5,Denver,69100,55
1,Boulder,80000,24.978
4,Denver,100000,102
5,Boulder,135000,62
2,Boulder,21350,211
4,Boulder,104000,27.512
1,Boulder,35000,41
4,Denver,189000,48
4,Boulder,98000,101
3,Denver,81000,122
2,Denver,171000,71
2,Boulder,222500,26.788
2,Boulder,121200,20.25
2,Boulder,57200,27.512
4,Denver,82500,46
1,Boulder,155000,149
4,Boulder,112000,86
1,Boulder,8300,32
1,Boulder,58600,27.15
2,Denver,117000,56.44
2,Boulder,56000,7.5
4,Boulder,180000,26.064
2,Denver,78800,68
2,Denver,48480,88
1,Boulder,396400,39
1,Denver,66000,89
2,Denver,34800,208
5,Denver,28300,139
2,Denver,466200,81
2,Denver,40000,132
5,Boulder,128500,45.612
1,Denver,87000,142
3,Boulder,194500,25.34
1,Denver,75000,114
2,Denver,201100,73
1,Boulder,95000,81
1,Boulder,40000,14.842
3,Boulder,87000,43.802
5,Denver,137000,164
1,Denver,67400,122
2,Boulder,115050,108
4,Boulder,111000,455
1,Boulder,49200,31.856
2,Denver,84000,111
2,Boulder,138000,111
1,Boulder,42100,67.694
2,Boulder,97100,14.118
3,Denver,70000,612
1,Denver,54000,87.15
3,Boulder,65000,64
2,Denver,50400,249
4,Boulder,150000,68
1,Boulder,14400,94
2,Boulder,277000,18.1
2,Boulder,124000,112
1,Denver,8400,77
4,Denver,25000,164
1,Boulder,46500,112
2,Boulder,89200,21.358
3,Boulder,140000,46
2,Boulder,110000,23.53
2,Denver,55100,107
4,Denver,88000,66
2,Denver,213450,131
4,Boulder,267000,30.77
3,Denver,36000,284.69
5,Denver,175000,103
2,Denver,101000,146
3,Boulder,250100,31.856
2,Denver,48000,218
3,Denver,18600,249
2,Boulder,466000,16.25
1,Denver,22000,114
2,Denver,25000,77
2,Boulder,49400,77
2,Denver,41600,82.17
2,Denver,57000,163
2,Boulder,1027000,18.75
1,Denver,20000,319
1,Boulder,0,21.358
2,Boulder,28800,28
2,Boulder,20000,56
4,Denver,69400,73
5,Boulder,211000,123
1,Boulder,31000,66
6,Boulder,100300,62.626
2,Boulder,30400,341
2,Boulder,14600,177
2,Boulder,319000,19
2,Denver,20750,289
2,Denver,8000,43
2,Boulder,73700,18.5
5,Boulder,139700,15
1,Denver,70000,60
3,Boulder,91300,44
2,Boulder,55400,46.5
1,Boulder,11200,84.708
2,Boulder,141000,68
3,Denver,10200,40
2,Boulder,30100,100
2,Boulder,83000,37
2,Boulder,82970,68
1,Boulder,18000,339
1,Denver,65000,91.3
2,Denver,54100,96
2,Denver,170000,153
1,Denver,40000,119
1,Denver,105000,127
1,Denver,70000,44
2,Boulder,52000,17.014
1,Denver,43000,62
1,Boulder,13500,17.75
1,Denver,38000,75
4,Denver,30000,151
4,Boulder,229000,31.75
1,Denver,15000,56
1,Boulder,80100,28.598
4,Boulder,466000,48.5
4,Boulder,111100,41.25
2,Boulder,110100,19.5
3,Denver,481000,364
2,Denver,99300,67
2,Denver,65000,112
4,Denver,20000,141
2,Denver,27800,64
6,Denver,25200,95.45
3,Denver,70000,135
2,Boulder,119200,70
1,Denver,80000,491
2,Boulder,32000,152
1,Denver,11000,109
4,Boulder,113500,66
2,Boulder,2600,45.25
1,Denver,50000,110.39
2,Denver,260000,58.1
1,Boulder,61300,71
4,Boulder,105500,37.286
1,Denver,228000,83
4,Boulder,179000,25.34
2,Denver,591000,36.52
1,Denver,130000,79
5,Denver,87500,45
3,Denver,23000,52
2,Denver,74000,101
1,Boulder,34700,29.322
4,Denver,48700,34
1,Denver,32000,110
3,Boulder,54000,46
4,Denver,96000,151
4,Denver,92500,145
6,Denver,40000,154
4,Boulder,128100,37
1,Denver,107000,161
1,Boulder,140000,23.168
3,Boulder,32500,40.182
3,Denver,171950,59
2,Boulder,110000,38.734
1,Denver,35000,205
3,Boulder,26550,13.394
3,Denver,68200,62
3,Boulder,50000,30.408
3,Denver,94800,113
5,Boulder,80500,67
1,Denver,16000,43.16
2,Boulder,100000,89
2,Denver,74000,81
1,Denver,47000,57
1,Denver,112300,63.08
1,Denver,42800,93.79
2,Boulder,76600,11.5
3,Boulder,187000,39.458
2,Denver,67800,43.99
1,Denver,48000,110
4,Boulder,268000,19.75
3,Boulder,96200,24.978
1,Boulder,5500,18.824
1,Denver,5200,136
2,Boulder,212700,103
2,Denver,30000,105
2,Boulder,116400,60
4,Boulder,215000,60
2,Boulder,76910,80
1,Boulder,13500,303
4,Denver,189420,58.93
4,Denver,96000,117.03
4,Boulder,160000,92
2,Denver,44100,160
2,Denver,87500,56.44
2,Denver,165000,105
2,Denver,110000,95.45
5,Boulder,123350,84.346
3,Boulder,106700,18
1,Denver,29000,237
1,Denver,77000,143
1,Denver,70000,118
2,Denver,10800,48
5,Denver,37800,77
2,Denver,164900,78
3,Denver,143500,52.29
4,Denver,147000,107
2,Boulder,200000,10.75
1,Denver,9560,131
2,Denver,12000,53.12
4,Denver,110000,78.85
3,Boulder,99000,29.684
2,Boulder,39700,71
1,Denver,85000,62.25
3,Denver,214000,61.42
4,Denver,76090,72.21
1,Denver,50000,213
2,Boulder,205500,61
2,Denver,164010,112.88
1,Denver,78000,299
1,Boulder,70000,100
2,Boulder,102000,84
1,Boulder,65000,228
2,Denver,75050,45
2,Denver,15600,31
2,Boulder,90000,59
3,Denver,30000,199
2,Denver,104000,68
2,Denver,190000,108
3,Denver,88300,60
4,Boulder,182000,65
2,Denver,65000,88
2,Denver,90200,90
2,Boulder,125000,46
1,Denver,7000,61
1,Denver,15600,37
3,Denver,37801,121
5,Denver,14000,121.18
1,Boulder,50800,40.544
1,Denver,30000,120.35
1,Denver,24000,85.49
2,Boulder,116600,10
2,Boulder,50000,29.684
1,Denver,20800,141
2,Denver,74990,70.55
4,Boulder,175000,28.96
1,Denver,36150,40
4,Boulder,55000,30
1,Boulder,31000,55
6,Denver,115200,66
4,Boulder,15300,40.906
2,Denver,40000,51.46
1,Boulder,42000,214
4,Boulder,142000,55
1,Boulder,12000,45
1,Denver,45000,116
3,Boulder,93000,59
2,Boulder,56000,63
1,Boulder,115000,94
1,Boulder,37500,105
1,Denver,9000,92.96
2,Denver,19500,168
1,Boulder,21900,30.77
2,Denver,57000,56
1,Denver,177000,72
3,Boulder,248500,42.354
2,Denver,16000,66
1,Denver,18000,123
1,Denver,15600,69
1,Boulder,21280,78
2,Boulder,126000,14.75
5,Boulder,46001,53
2,Denver,22200,66
2,Boulder,80000,27.874
3,Boulder,60000,16.75
1,Denver,46000,179.28
4,Boulder,163600,104
1,Denver,20000,46
4,Boulder,32500,143
1,Boulder,91400,67
2,Denver,170900,45
2,Denver,148500,87.15
2,Denver,74000,68
1,Denver,73000,67
2,Denver,149050,43
4,Boulder,112000,89
4,Denver,119000,95
4,Boulder,36000,48
2,Boulder,38800,29.25
2,Boulder,30200,64
3,Boulder,79080,34
2,Boulder,240000,18.25
2,Boulder,61000,31.132
2,Denver,94000,62
1,Denver,95000,70
2,Denver,87020,43
1,Boulder,4000,16.25
4,Boulder,70010,68
1,Boulder,9000,67
2,Denver,83500,49.8
4,Boulder,162100,80
1,Boulder,800,23
2,Denver,70000,57
4,Boulder,45000,27
1,Boulder,15800,28.236
2,Denver,106000,61
1,Denver,34800,64
1,Boulder,0,31
4,Boulder,96200,78.192
1,Boulder,127300,122
2,Denver,74000,104
1,Boulder,80000,74
2,Boulder,138200,19.75
4,Denver,53700,238
1,Boulder,33000,70
3,Boulder,335100,131
2,Denver,65000,56.44
4,Boulder,120000,23.53
1,Boulder,4000,37
1,Denver,66000,92
2,Denver,31000,102
3,Boulder,64800,23.168
2,Denver,1000,50
1,Denver,18001,110.39
1,Boulder,50000,74.572
1,Denver,39900,54
2,Boulder,35300,178
2,Boulder,51600,23.892
2,Boulder,105100,30
5,Denver,90000,144.42
2,Denver,245000,129
3,Boulder,62000,25.702
2,Denver,40000,65
1,Boulder,21800,15.75
1,Boulder,20000,57
2,Denver,50000,24
5,Boulder,73000,132.854
3,Boulder,70530,26.426
2,Boulder,120600,16.652
1,Denver,33300,47.31
2,Boulder,87300,17
1,Denver,22000,121
2,Denver,48000,84
2,Denver,70000,33.2
1,Boulder,18600,50
1,Boulder,20400,51.766
2,Denver,90000,47.31
5,Denver,65000,59
6,Denver,101100,199
2,Boulder,71000,25.25
2,Boulder,466000,44
1,Denver,23000,106
2,Denver,73000,59
1,Denver,19500,57
1,Denver,0,46.48
1,Boulder,16600,20.996
4,Denver,30890,119
1,Boulder,35000,159.28
3,Boulder,136900,67
3,Boulder,50000,41
2,Denver,110500,51.46
3,Boulder,32900,21.358
1,Boulder,65000,70
2,Boulder,214000,17.5
6,Denver,49000,103
1,Denver,30600,52
1,Boulder,65000,25.702
1,Denver,0,50
2,Denver,234000,122
4,Denver,210400,51
4,Boulder,225000,39.458
2,Boulder,82500,14.842
1,Denver,107500,200
2,Denver,20000,81
1,Denver,40000,122
3,Boulder,73520,76
2,Boulder,74000,38.734
2,Denver,41800,56
2,Denver,165000,62
1,Boulder,46900,12.5
3,Denver,103500,142.76
2,Boulder,466000,65
3,Denver,83000,88
1,Boulder,103000,41.268
3,Boulder,90000,31.494
1,Denver,53200,85
2,Boulder,112000,48.87
3,Boulder,31800,36.924
3,Boulder,30000,284
2,Boulder,52400,13.032
2,Boulder,45000,16.25
2,Boulder,176300,62
2,Denver,24000,43
1,Denver,72000,60
2,Denver,135000,138
4,Denver,226300,58.1
1,Denver,25000,119
2,Denver,68000,48.97
2,Denver,177000,141
1,Denver,74000,131
5,Boulder,186000,15
1,Boulder,4300,194
1,Denver,6000,102
1,Boulder,24500,31.494
1,Denver,20000,214.14
2,Boulder,86000,37
5,Boulder,172100,36.562
2,Boulder,90000,43.44
2,Denver,518000,238
3,Denver,116000,259.79
2,Denver,148000,51
1,Denver,39900,83
1,Denver,45970,86.32
3,Boulder,37630,16.75
4,Boulder,190000,23.53
3,Boulder,43900,4.25
1,Boulder,39000,40.25
2,Boulder,55500,67
2,Boulder,6500,54
1,Denver,100000,88.81
5,Boulder,110000,71
1,Denver,52600,128
2,Denver,101000,155
2,Denver,46700,78.02
1,Denver,70000,191
1,Denver,96001,353
1,Denver,31700,110
2,Boulder,95000,56
4,Denver,108800,46
3,Boulder,73900,18.25
1,Denver,28000,67
2,Boulder,38550,120
1,Boulder,127500,16.25
2,Boulder,75450,60
4,Boulder,110000,71
4,Denver,58000,100
1,Denver,4000,152
4,Boulder,218000,21.358
4,Boulder,203000,92
1,Boulder,62200,10.25
2,Boulder,305700,38
2,Boulder,93000,26
3,Boulder,324000,51
1,Boulder,19000,21.72
2,Denver,90000,47.31
1,Denver,44000,163
4,Denver,100700,53
2,Denver,0,76
1,Denver,83000,88.81
2,Boulder,56520,24.978
2,Boulder,97000,42
1,Denver,56000,115
4,Denver,32000,108
5,Denver,18100,73
2,Denver,16300,63
1,Denver,75000,333
6,Denver,62000,300
1,Denver,30800,64
2,Denver,192000,76
1,Denver,12000,130
3,Boulder,84000,18.75
1,Boulder,68000,95
4,Boulder,85000,28.25
1,Boulder,29600,39
3,Boulder,57400,57
1,Denver,41000,83
3,Denver,260000,73
2,Boulder,141400,36.75
1,Denver,112000,60
3,Boulder,164000,48
3,Denver,162000,58.93
2,Boulder,216000,97
2,Boulder,46000,97
2,Denver,67800,57.27
3,Boulder,234000,113
4,Boulder,63600,25.34
1,Denver,68000,61
4,Boulder,155000,36.924
3,Boulder,69320,72
1,Denver,43000,115
2,Denver,28200,121
1,Denver,11500,69
2,Denver,17090,129
1,Denver,22300,65
1,Boulder,12000,59
3,Denver,60000,75
1,Denver,4700,101
3,Boulder,81000,11.75
2,Denver,104900,66
3,Boulder,160000,26.788
2,Boulder,35800,14
3,Boulder,192000,14.48
2,Denver,97050,170.15
4,Boulder,160000,12.308
1,Denver,38100,130
2,Boulder,52000,18
2,Denver,10000,35.69
1,Boulder,43000,51.042
3,Boulder,77000,37
6,Boulder,63000,19.548
2,Denver,45600,70
1,Denver,21990,78
8,Boulder,80000,64
1,Denver,24000,287
2,Denver,150000,64
2,Denver,58400,42
4,Boulder,250000,49.25
4,Boulder,216000,109
2,Denver,119000,66.4
1,Denver,16400,34
4,Boulder,225000,16.652
3,Denver,73500,44
1,Boulder,31000,3
5,Boulder,73100,111
2,Boulder,71701,75
6,Denver,139300,126
2,Boulder,155000,55
2,Boulder,21800,17.376
1,Denver,117000,41
5,Boulder,80450,39
2,Denver,65000,62
1,Boulder,16000,11.25
2,Denver,526800,68.06
1,Denver,5900,70
2,Denver,100000,71
1,Boulder,57500,110
3,Boulder,117500,66
2,Boulder,85500,17
5,Boulder,73000,22.806
1,Denver,53000,133
1,Denver,11330,87
3,Boulder,210000,55.5
1,Denver,22800,66.4
4,Denver,161900,78
4,Boulder,191000,24.616
2,Denver,153000,59
1,Denver,40000,116
5,Denver,100000,50
2,Boulder,134000,110
4,Boulder,133600,90
3,Boulder,22700,28.236
1,Denver,5000,119
4,Boulder,248000,63
4,Boulder,22000,60
2,Boulder,57000,54.3
2,Boulder,47400,24.254
2,Boulder,100900,27.75
2,Denver,81900,86.32
1,Boulder,55000,123
1,Denver,50000,126.99
3,Denver,48000,134
1,Denver,12400,111
3,Boulder,38600,321
2,Denver,77000,111
3,Denver,82000,58
1,Boulder,100000,19.25
1,Denver,26200,125.33
1,Boulder,41500,184
1,Boulder,67000,65
2,Boulder,163000,74
2,Boulder,127300,18
1,Denver,144000,80
1,Denver,143000,52.29
1,Boulder,41000,12.308
2,Boulder,132000,52
3,Denver,26000,112
1,Denver,30000,47.31
1,Boulder,24000,95
4,Denver,50000,108
3,Denver,34200,330
2,Boulder,36000,36.924
1,Denver,0,125
3,Boulder,80000,69.866
2,Boulder,63400,78
2,Denver,106500,271
1,Denver,32000,57
3,Boulder,181000,16.5
1,Denver,3000,80.51
2,Boulder,1900,93
2,Boulder,49370,14.5
1,Denver,25000,42
3,Boulder,6000,34.39
2,Denver,182700,64
5,Boulder,153000,61
3,Boulder,79600,58
1,Boulder,58000,85
1,Denver,24000,128
1,Denver,20100,64
2,Boulder,159200,8.75
3,Denver,23000,140
1,Denver,20000,92.96
3,Boulder,123000,108
4,Boulder,236000,113
2,Denver,14600,64
3,Denver,39800,42
2,Boulder,38200,62
2,Denver,45200,62
2,Denver,144000,112
6,Denver,19000,161
1,Boulder,36150,32.218
1,Denver,3230,57
4,Boulder,129000,16.29
2,Denver,128000,86.32
2,Boulder,63760,26.426
2,Boulder,35000,305
1,Boulder,113000,7.25
2,Boulder,49000,17.5
2,Boulder,106400,42.354
2,Boulder,78600,128
3,Boulder,186100,10.5
2,Denver,120300,75
1,Denver,27000,125.33
5,Boulder,172000,70
1,Denver,9800,51
1,Boulder,70000,174
1,Denver,50100,48
2,Denver,103100,47.31
2,Denver,29000,39
4,Denver,56600,224
2,Boulder,134000,98
2,Denver,91000,72
4,Boulder,162000,61
1,Denver,71000,157
1,Denver,41000,156
5,Denver,78500,244
1,Denver,120000,123
1,Denver,159000,93.79
2,Boulder,86800,21
2,Denver,114500,66
1,Boulder,2500,136
2,Denver,277700,75
4,Denver,205000,66
1,Boulder,94000,213
1,Denver,45000,76
1,Denver,48700,152
1,Denver,16300,55.61
1,Boulder,2000,102
2,Boulder,105000,69
2,Boulder,83100,11
1,Boulder,30000,8
2,Denver,65300,49
3,Denver,59520,70
2,Denver,80000,211
4,Denver,86000,300
3,Denver,122000,101.26
1,Boulder,20000,44.164
2,Boulder,90000,131
2,Boulder,74200,56
3,Boulder,38000,33
1,Denver,87000,66
1,Boulder,48000,50.318
2,Denver,68500,102
1,Boulder,8500,11.75
1,Boulder,62500,104
2,Denver,69000,60
1,Boulder,25000,86
1,Denver,72000,346.94
1,Denver,55000,195
4,Denver,24000,74
2,Denver,188000,32
4,Denver,121000,92.13
1,Boulder,12000,35
2,Boulder,117500,73
4,Denver,137000,65
6,Boulder,7500,58
2,Boulder,131000,15.75
3,Denver,35000,216.63
3,Denver,94000,69.72
5,Denver,143900,71
1,Boulder,60400,66
1,Boulder,36000,167
1,Denver,0,115
3,Denver,435200,41
2,Denver,15700,63
2,Boulder,66100,44
1,Denver,39200,123
2,Boulder,270000,103
2,Boulder,105000,14
3,Boulder,20000,107.152
3,Boulder,165250,34.39
3,Denver,14400,168
1,Boulder,72000,93
2,Boulder,92000,17.014
2,Boulder,140000,73
1,Boulder,40000,49
1,Boulder,41300,62
1,Denver,19300,132
2,Boulder,83500,25.702
1,Denver,14710,114
4,Denver,35800,176
5,Boulder,80000,107
1,Boulder,40000,31.75
2,Boulder,125000,61
4,Boulder,39000,39.25
1,Boulder,40000,31
2,Boulder,52000,73
2,Denver,69000,57
1,Boulder,18900,60
1,Boulder,35700,399
1,Denver,20800,37
1,Denver,4000,49
2,Denver,113000,51.46
2,Boulder,48000,27.512
2,Denver,116800,44
1,Denver,42000,59.76
1,Denver,27660,87.15
2,Denver,83000,100
4,Denver,126000,76
3,Boulder,68200,56.75
6,Denver,21000,199
1,Denver,32500,50
1,Boulder,40000,91
1,Boulder,100000,25.702
2,Denver,28700,72
2,Boulder,110900,35
3,Boulder,48754,111
1,Denver,12000,156
2,Denver,10200,64
1,Denver,18000,282
1,Boulder,27000,106
3,Boulder,66000,119
4,Boulder,125000,22.444
1,Denver,46600,52
2,Boulder,20000,91
2,Denver,540,112.88
2,Denver,30000,59
1,Denver,28000,33
1,Boulder,18000,84.708
1,Denver,77800,130
2,Boulder,619000,15.566
2,Boulder,47000,42
1,Denver,18000,103.75
3,Boulder,76600,105
2,Denver,7000,315
2,Boulder,547000,16
2,Boulder,27000,143
2,Denver,42000,118
1,Boulder,50000,48
1,Denver,50000,113.71
2,Boulder,55000,100
2,Boulder,184000,17
1,Boulder,155000,45.25
1,Denver,65000,87
1,Boulder,6500,207
4,Boulder,192500,16.75
2,Boulder,163000,88
1,Boulder,115050,302
2,Denver,36200,144
2,Denver,347000,65
1,Denver,81600,246.51
2,Boulder,102000,16.29
4,Boulder,183660,129
4,Denver,467600,90
3,Denver,271300,96.28
2,Denver,44000,56
2,Denver,51600,94.62
1,Denver,12000,71.38
2,Denver,17500,141.1
5,Boulder,113000,10
3,Denver,102834,66
1,Denver,80000,57
1,Denver,116500,72
4,Boulder,151600,14.118
2,Denver,28000,102
2,Boulder,22000,154
1,Boulder,7670,8.25
2,Denver,140000,89
3,Denver,89400,64
1,Denver,35600,65.57
2,Denver,60000,64.74
1,Boulder,64000,45
1,Boulder,28300,56
3,Denver,140100,56
3,Denver,52000,60
4,Boulder,130000,56.11
2,Denver,46950,60
1,Boulder,65000,50
4,Boulder,45000,40.544
2,Denver,130000,118
4,Denver,0,84
1,Denver,30000,102.09
1,Denver,68000,84
2,Boulder,362000,46
1,Boulder,32740,18.25
1,Denver,20000,37.35
2,Denver,68500,65.57
1,Denver,52000,42.33
1,Denver,44000,136
2,Denver,170000,161
4,Boulder,713000,8
1,Boulder,69900,24.616
3,Boulder,114000,64
1,Denver,88000,76.36
1,Boulder,36000,66
1,Denver,22100,64
1,Boulder,15000,21
1,Boulder,60000,49.594
4,Boulder,466100,35.114
2,Boulder,57000,88
2,Denver,83600,157.7
6,Denver,200000,43
2,Denver,52000,63.08
2,Denver,54000,44
2,Denver,49000,98
4,Boulder,130000,74
3,Denver,32400,149
1,Denver,18000,109
2,Denver,80700,67
3,Denver,139000,94.62
2,Boulder,391000,41.268
2,Denver,49500,121
2,Boulder,116080,23.168
4,Boulder,45700,409
1,Denver,125000,49.8
6,Boulder,116400,27.874
4,Boulder,127500,74
2,Boulder,182500,18.25
2,Boulder,106000,66
1,Boulder,36000,75
2,Denver,80000,82
4,Boulder,110000,343
3,Denver,285000,75
3,Denver,135000,83
2,Boulder,83000,64
4,Boulder,44400,21.72
2,Boulder,104000,30
2,Denver,50000,172
2,Denver,7000,39.84
2,Boulder,211800,135
4,Boulder,47000,52
1,Boulder,12750,127
2,Boulder,119200,38
2,Boulder,78510,56
2,Denver,145000,72.21
2,Boulder,105000,123
2,Denver,7000,318
2,Boulder,86140,27.15
2,Denver,30500,237
3,Boulder,55000,25
1,Boulder,56080,11.25
2,Denver,38900,67
1,Denver,82000,92
4,Boulder,80000,69
1,Boulder,81000,27.15
3,Boulder,140560,44.526
3,Denver,28000,72
4,Boulder,192500,65
2,Denver,30300,80
1,Denver,65000,92.96
1,Denver,80000,97.94
2,Boulder,8800,71
1,Boulder,13900,24.75
1,Denver,70000,39
2,Boulder,263000,17.75
2,Denver,154000,80
3,Boulder,95000,110.772
2,Denver,33200,70
1,Denver,55000,88
6,Denver,101300,58
4,Denver,105000,116
5,Boulder,75000,43.802
1,Denver,17000,59.76
4,Denver,95400,101
1,Denver,466000,115
2,Denver,30000,41
1,Denver,40000,46
1,Boulder,54900,77
2,Denver,135000,73
2,Denver,270530,83
3,Boulder,85000,31.856
1,Denver,26400,83
1,Denver,30000,151
1,Denver,38000,140
2,Boulder,89200,24.616
1,Denver,30000,143.59
3,Denver,45100,75
4,Boulder,62000,275
2,Boulder,167390,23.168
3,Boulder,206000,22.082
2,Denver,65000,112
4,Boulder,174000,14.75
1,Denver,60000,192
1,Boulder,264000,63
1,Denver,27000,318.72
1,Denver,85800,65
4,Boulder,314250,23.892
2,Boulder,134000,49
4,Boulder,318100,18.25
1,Boulder,50000,129
2,Boulder,41600,63
2,Boulder,30450,43.078
1,Denver,9800,65
1,Denver,20000,50
1,Denver,40000,84.66
2,Denver,89400,67
3,Denver,96900,104
1,Denver,3600,177
5,Boulder,107000,170
1,Boulder,93000,32.5
4,Denver,117000,128
5,Boulder,27600,275
3,Boulder,101000,70
3,Denver,86500,58
3,Denver,60000,92.96
6,Denver,107000,117
3,Boulder,83300,102
1,Boulder,37000,12.75
5,Boulder,333000,98
2,Denver,219200,86
2,Boulder,96000,83
6,Denver,140000,297
2,Boulder,110000,98
1,Denver,42000,138
2,Denver,59370,77
6,Denver,325000,95.45
2,Denver,33000,127
2,Boulder,28100,36
1,Boulder,0,15.5
1,Boulder,67000,113
1,Boulder,20800,33
1,Denver,9040,106.24
1,Denver,21000,116
2,Boulder,97600,18
2,Denver,84500,76
1,Boulder,11300,19.5
1,Denver,3600,79
1,Denver,43200,91
2,Denver,143000,54
1,Denver,25100,160.19
3,Boulder,85000,19.91
1,Denver,50000,77
2,Boulder,177600,37
3,Denver,43000,84.66
4,Boulder,232590,27.512
2,Denver,31400,99.6
3,Boulder,139600,66
2,Denver,32900,41
1,Denver,20000,341.13
1,Boulder,30300,33
5,Boulder,215000,24.616
2,Boulder,201500,17.5
2,Boulder,167000,18.75
2,Boulder,110000,76
2,Boulder,673000,101
2,Boulder,10000,77
3,Boulder,182440,33
1,Denver,50000,71.38
2,Boulder,21900,20.272
1,Denver,6000,72
4,Denver,92000,79
2,Denver,40000,86
5,Denver,70000,242
3,Denver,78000,129.48
3,Denver,271000,115
2,Denver,59000,88.81
2,Boulder,111050,114
1,Boulder,247000,38.372
4,Boulder,46570,58
2,Boulder,56800,35
3,Boulder,518120,20
1,Denver,65600,126
3,Denver,34600,68
2,Boulder,53500,66
1,Denver,3000,85
4,Boulder,112200,132
2,Boulder,107300,22.082
1,Denver,36000,81.34
2,Denver,22000,58
1,Boulder,167000,94
3,Denver,522000,68
2,Denver,91900,123
1,Boulder,40000,115
1,Boulder,38000,43.078
3,Denver,100000,82
2,Boulder,82500,21.358
2,Boulder,476000,15.75
4,Boulder,152000,15.5
1,Denver,90000,128
1,Denver,7000,63
1,Denver,50000,140
8,Denver,102000,125
2,Boulder,317100,81
2,Denver,13600,86
2,Boulder,35200,36.924
5,Denver,310000,58
1,Denver,46000,60
2,Denver,47000,212
2,Boulder,0,26.426
3,Boulder,56750,99
1,Denver,148150,222
4,Denver,100000,87.98
2,Boulder,42400,69
1,Boulder,16700,22.444
3,Denver,78000,71
4,Boulder,106000,142
1,Denver,830,73.04
2,Denver,55300,54.78
2,Denver,16000,267.26
6,Denver,50000,45.65
1,Denver,29000,126
2,Denver,55100,46
1,Boulder,21000,30.5
2,Denver,40000,130.31
1,Denver,46200,41
3,Boulder,98000,24.978
2,Boulder,123000,72.762
2,Denver,34800,36.52
1,Boulder,52400,29.25
2,Denver,120000,119
1,Denver,50000,148
1,Denver,46000,41.5
1,Denver,13200,58
1,Boulder,37200,52.49
6,Boulder,118300,22.082
1,Denver,100100,62
4,Denver,78000,88.81
2,Boulder,82520,30.046
1,Boulder,28700,18.25
1,Boulder,80000,127
2,Denver,94000,76
1,Denver,36800,135
3,Denver,64300,60
4,Boulder,57700,22.444
2,Boulder,76200,61
1,Denver,200200,76
2,Boulder,17000,4.25
2,Boulder,64600,114
2,Boulder,510600,67
2,Boulder,50000,30.77
1,Denver,25000,189.24
1,Denver,24800,66.4
2,Boulder,97000,44.75
1,Denver,36000,213.31
2,Boulder,225000,116
1,Boulder,19400,39
1,Boulder,25000,90.138
1,Denver,12000,205
2,Denver,83100,78
3,Denver,147000,118
1,Boulder,200100,88
1,Denver,25000,55.61
2,Denver,91500,115
2,Boulder,80300,110
1,Denver,40000,130
2,Boulder,30300,17
1,Denver,200500,73
1,Denver,48000,96
1,Denver,75000,36
6,Denver,18000,123
1,Boulder,8000,34.028
1,Boulder,12500,185
1,Denver,120000,307
1,Denver,28000,99
1,Denver,114600,67
2,Denver,47250,97.94
2,Boulder,85170,35.838
1,Boulder,75000,44.526
1,Denver,48200,48.14
3,Denver,73800,297
1,Denver,17000,101.26
2,Denver,130000,195
1,Boulder,113000,304
2,Denver,50000,57
2,Boulder,39400,44
2,Boulder,32000,89
3,Boulder,60000,19.5
1,Denver,40500,235.72
6,Boulder,234000,50
2,Denver,84880,68.06
2,Boulder,86000,39.25
4,Denver,160000,84
1,Denver,57600,131
1,Denver,8800,73.04
2,Boulder,187100,44
2,Denver,60200,162.68
2,Denver,124100,60.59
2,Denver,169000,108
1,Denver,67000,73
1,Boulder,62800,21.5
1,Denver,42000,110
1,Denver,155000,71
1,Denver,0,149
1,Boulder,60000,63
2,Denver,140500,77
1,Denver,86000,177
1,Denver,60000,95.45
2,Boulder,113000,194
4,Boulder,700100,16.5
2,Boulder,42120,5.5
1,Boulder,50000,18.1
2,Denver,127900,29
2,Boulder,202050,52
2,Boulder,35000,97
4,Denver,539000,72
2,Boulder,215000,33
3,Denver,55530,80.51
2,Boulder,67800,20.5
5,Boulder,166450,100
1,Denver,59900,55.61
4,Boulder,35000,73
1,Denver,32000,66
1,Boulder,44501,29.322
4,Boulder,135000,24.254
2,Denver,145000,80
2,Boulder,38700,41.63
1,Boulder,13000,151
5,Denver,432000,81
2,Boulder,22500,45.612
2,Denver,119800,100
1,Denver,15000,59.76
4,Boulder,370000,76
1,Boulder,46020,60.092
2,Boulder,220000,27.5
3,Boulder,22900,156
2,Boulder,90000,67
2,Boulder,50000,52.128
2,Denver,49000,310
1,Boulder,2700,137
5,Boulder,43500,186
2,Boulder,38000,95.93
2,Boulder,51000,100.274
2,Boulder,33000,16.75
2,Denver,35000,66
4,Boulder,255000,156
4,Boulder,110000,27.874
2,Denver,86000,80
2,Denver,97000,95
2,Denver,34000,366
1,Denver,60000,72.21
1,Denver,43000,112
3,Denver,215000,418
1,Boulder,60000,65.522
2,Denver,45000,112
2,Boulder,85600,130
1,Denver,2000,55
3,Boulder,218201,120
4,Denver,48000,210
1,Boulder,55600,66
4,Denver,520000,72
2,Boulder,157000,63
1,Denver,0,56.44
2,Boulder,57800,33
2,Boulder,325904,15
1,Denver,78000,86
3,Denver,21300,143
3,Boulder,106000,69
3,Boulder,193000,20.634
1,Denver,17600,120
2,Denver,50450,98
3,Denver,119000,66.4
3,Denver,28000,55
2,Denver,499100,112
1,Denver,478000,79.68
2,Boulder,117000,40
1,Boulder,31000,130
2,Denver,130000,92
3,Boulder,84100,28.598
1,Denver,53000,267
3,Boulder,81200,24.978
3,Denver,145850,49
2,Boulder,66000,103
1,Denver,73600,65
2,Denver,20750,105
2,Boulder,96000,16.75
1,Denver,70100,35
2,Boulder,62400,59.006
2,Boulder,153600,81
1,Denver,45000,208
1,Denver,88000,86
4,Boulder,67100,16.29
2,Denver,70000,43
1,Denver,48600,58.93
1,Denver,95000,51
2,Denver,274000,110
1,Boulder,84500,32.942
1,Denver,20700,40.67
2,Denver,108000,29.05
1,Boulder,20010,88
2,Denver,5000,85
4,Denver,235000,74
2,Boulder,137000,53
3,Boulder,59200,18.5
1,Boulder,20000,33
3,Denver,162120,148
1,Denver,51000,431
1,Denver,20000,85
1,Denver,14000,131.14
4,Boulder,86700,15.204
2,Boulder,92300,41.63
1,Denver,4800,114
1,Denver,53000,48
2,Boulder,50000,16.75
1,Denver,48000,446
2,Boulder,38100,103
1,Boulder,39000,30.25
2,Boulder,82900,120
2,Boulder,35340,21.5
3,Denver,64400,46.48
2,Denver,45000,96.28
2,Boulder,99100,79
3,Boulder,114940,14.25
2,Denver,200000,142
1,Denver,35000,47.31
2,Boulder,173400,26.75
4,Boulder,85290,122
4,Boulder,38000,185
1,Denver,90000,66
7,Denver,45100,160
2,Denver,65000,98
2,Denver,21200,133
1,Denver,90000,96.28
1,Denver,60200,62
1,Denver,61000,82
5,Denver,306100,73
1,Denver,21600,58
4,Denver,12300,70
3,Boulder,166000,37
1,Denver,82800,125
7,Denver,105000,37
3,Denver,21100,81
2,Denver,50000,121
1,Boulder,10000,106
2,Denver,289950,107
1,Denver,21000,345
2,Boulder,85300,114
1,Boulder,74000,23.892
3,Boulder,163000,32.58
4,Boulder,147200,116
2,Denver,44700,102.09
1,Boulder,55000,115
2,Denver,27300,73.87
2,Boulder,494000,49
4,Boulder,120200,148
1,Denver,85130,84
2,Denver,15000,66
1,Boulder,25020,2.75
1,Denver,40000,71
2,Denver,229000,64
3,Boulder,16000,67
2,Boulder,90000,32
2,Denver,70000,80
1,Boulder,32000,62
2,Denver,82600,118
2,Denver,71000,204
1,Denver,52000,267
5,Boulder,141460,100
1,Denver,100000,102.09
2,Boulder,17900,85
3,Boulder,112000,31.25
1,Denver,2000,213
2,Boulder,46400,38
2,Denver,120000,58
1,Denver,38000,116.2
3,Denver,72000,118
4,Boulder,288700,91
3,Denver,69700,110
1,Boulder,47000,16.75
2,Denver,97100,32
7,Denver,185000,119
2,Denver,127200,42
1,Denver,48000,98
2,Boulder,96500,52
1,Denver,105000,41
2,Boulder,24000,27.874
2,Boulder,471780,30.77
1,Denver,21000,80.51
4,Boulder,130000,17.738
5,Boulder,30000,213
2,Denver,182000,72
1,Denver,72001,64
2,Boulder,67400,21.358
2,Boulder,48000,88
1,Denver,29000,149
1,Denver,53200,71
4,Boulder,80600,18.75
1,Denver,466000,121
5,Denver,356000,38
6,Denver,24500,205
4,Boulder,56800,26.426
1,Denver,53000,80.51
3,Denver,32000,345
1,Boulder,5000,535
4,Denver,109000,74
2,Boulder,12300,17.75
1,Denver,25000,48.97
2,Boulder,62400,74
3,Boulder,95000,32.942
2,Boulder,55800,18
1,Boulder,25500,367
1,Boulder,45000,57.558
2,Denver,72450,67
2,Denver,92300,45
1,Boulder,25500,90
1,Boulder,85500,67
1,Denver,107001,49.8
1,Denver,80000,111
2,Boulder,61300,71
1,Denver,50000,63
4,Denver,55000,133
1,Denver,40000,51
1,Denver,1400,35
2,Denver,107000,130
1,Denver,24700,165
1,Denver,9100,144
6,Boulder,130000,91
3,Boulder,90000,48.87
4,Boulder,107600,21.72
2,Denver,220000,71
2,Denver,120000,121
2,Denver,33900,107.9
3,Boulder,71500,72
4,Boulder,231000,12.5
6,Denver,76800,124
3,Boulder,130000,58
2,Boulder,115000,30.77
1,Boulder,13100,85
4,Boulder,198660,9.75
1,Denver,129000,78
2,Boulder,32300,57
2,Denver,124300,49
1,Denver,9600,61
2,Boulder,100000,14.118
3,Boulder,16300,39
2,Boulder,78000,16.29
6,Denver,73500,189
3,Denver,149000,30
1,Denver,12000,243
2,Boulder,106610,32.5
1,Denver,46000,234.06
3,Boulder,101800,21.5
2,Denver,188000,73
1,Denver,12000,78
2,Boulder,403000,41.63
4,Boulder,42000,22
1,Boulder,93000,138
4,Boulder,280000,31.75
5,Denver,532180,85
2,Boulder,14400,18.25
2,Boulder,108000,16.5
1,Denver,71100,213
4,Denver,25000,136
2,Boulder,157100,16.75
2,Boulder,40000,158
3,Denver,70300,90
2,Boulder,121000,35.838
5,Denver,41000,257
6,Boulder,47500,25.25
2,Denver,122000,48
2,Denver,38500,56
1,Boulder,58700,14.75
1,Denver,25700,92.13
2,Denver,24000,110
4,Denver,804000,80
2,Denver,100000,105
2,Boulder,144800,101
1,Denver,7000,143
5,Boulder,184000,31.494
2,Boulder,69200,32
2,Boulder,139600,117
2,Denver,19400,282.2
2,Denver,38000,93
3,Boulder,216940,29.322
4,Boulder,176000,44
1,Denver,281000,76
1,Boulder,59000,24.978
1,Boulder,0,139
2,Denver,13000,66
1,Denver,60000,174
4,Boulder,133000,16
2,Denver,155300,135
2,Denver,536000,122
1,Boulder,112000,46.698
3,Boulder,235000,37
1,Boulder,50000,57
2,Boulder,233300,63
3,Boulder,546800,63
4,Boulder,39700,64
1,Boulder,15600,181
2,Denver,32000,99
3,Boulder,60900,32.218
1,Boulder,158000,23.5
1,Denver,80200,64.74
1,Denver,18800,45.65
1,Denver,11000,134
4,Boulder,230250,58
2,Boulder,208080,27.874
5,Denver,65000,49
4,Boulder,134970,14.118
5,Boulder,155300,22.082
2,Boulder,267000,105
2,Denver,157000,72
1,Boulder,42000,78
1,Denver,128000,38.18
4,Boulder,94600,96
1,Denver,5600,68
6,Denver,24000,125
2,Boulder,33020,21.358
2,Boulder,47000,25
4,Boulder,266500,15.204
5,Boulder,27400,168
5,Denver,78000,120
2,Denver,12900,137
5,Boulder,132000,20.996
6,Denver,69000,310
1,Denver,0,181
4,Denver,204000,42.33
2,Denver,71000,60
3,Denver,130000,85
1,Denver,48020,94.62
1,Boulder,42000,15.928
1,Denver,23500,54
2,Boulder,86000,82
1,Denver,38000,48.14
2,Denver,142500,56
2,Boulder,80500,14.48
1,Denver,110000,63
2,Denver,366500,115
2,Boulder,74000,62
1,Denver,40000,92
2,Boulder,49400,110
1,Denver,28000,101.26
3,Denver,47000,125
4,Boulder,70000,10.5
3,Denver,140000,237
1,Boulder,115000,76
1,Boulder,2000,36.562
1,Denver,50000,125
1,Boulder,9700,75
6,Boulder,188000,101
1,Denver,0,79
4,Boulder,241500,18.75
1,Denver,46000,82
1,Denver,37000,243
4,Denver,466000,56.44
4,Boulder,200000,15.566
1,Denver,83500,217
4,Denver,50000,87.98
1,Boulder,0,811
1,Boulder,19820,19.548
4,Denver,85000,62
4,Denver,156500,105.41
2,Boulder,54000,16.29
1,Denver,8400,283
1,Denver,38420,314
1,Denver,516000,71
3,Boulder,89000,41
2,Denver,67400,134
1,Denver,50080,94.62
1,Denver,112030,173
1,Boulder,1800,158
1,Boulder,19900,74
4,Denver,101000,113.71
2,Denver,185000,82
3,Boulder,176000,19.548
1,Denver,12000,112.05
5,Denver,83800,74
3,Denver,55000,190
4,Denver,481000,106
5,Boulder,158000,33.304
1,Denver,142000,131
4,Boulder,75000,72
1,Denver,25000,46
2,Boulder,36400,109
1,Boulder,30000,66
1,Boulder,75000,69
1,Denver,0,230
2,Denver,151000,97.11
2,Denver,148000,93.79
1,Denver,0,104.58
1,Denver,9000,82
5,Denver,102100,75
1,Denver,57000,77
1,Boulder,27800,47.75
2,Boulder,68100,120
2,Denver,136000,49
3,Boulder,150470,75
1,Boulder,50000,44.888
1,Boulder,3000,316
4,Denver,676000,136.95
5,Denver,264000,56.44
4,Boulder,233900,112
2,Boulder,40900,19.75
4,Denver,150000,91.3
4,Denver,163000,128
2,Denver,30000,57
2,Boulder,85000,44.526
3,Denver,102000,87
6,Boulder,150730,70.59
2,Boulder,335000,100
1,Denver,110000,88
1,Denver,55000,72
1,Denver,4000,74
2,Boulder,353230,95
1,Denver,65000,129
2,Boulder,42000,21.25
1,Denver,273000,127.82
1,Denver,84000,104
2,Boulder,88000,74
2,Boulder,44600,114
1,Denver,3500,69
1,Boulder,167000,181
1,Denver,28000,58.93
2,Denver,175000,83
1,Boulder,713000,17
1,Denver,8000,69.72
2,Boulder,140000,65
4,Boulder,476000,132
2,Denver,607000,84
1,Denver,36000,124
1,Boulder,40800,45.974
2,Denver,25000,73
2,Denver,16000,240
1,Denver,22700,123
2,Boulder,65000,67
2,Denver,245500,102.92
1,Boulder,10000,72
2,Denver,119611,100.43
2,Denver,31700,66
4,Boulder,160000,125
4,Denver,159400,121
3,Denver,99000,182
